id,essay_set,essay_score
1673.0,1.0,1.0
1674.0,1.0,1.0
1675.0,1.0,3.0
1676.0,1.0,0.0
1677.0,1.0,0.0
1678.0,1.0,3.0
1679.0,1.0,1.0
1680.0,1.0,0.0
1681.0,1.0,2.0
1682.0,1.0,2.0
1683.0,1.0,2.0
1684.0,1.0,0.0
1685.0,1.0,0.0
1686.0,1.0,2.0
1687.0,1.0,0.0
1688.0,1.0,2.0
1689.0,1.0,2.0
1690.0,1.0,0.0
1691.0,1.0,1.0
1692.0,1.0,3.0
1693.0,1.0,0.0
1694.0,1.0,1.0
1695.0,1.0,0.0
1696.0,1.0,0.0
1697.0,1.0,1.0
1698.0,1.0,1.0
1699.0,1.0,2.0
1700.0,1.0,2.0
1701.0,1.0,2.0
1702.0,1.0,2.0
1703.0,1.0,2.0
1704.0,1.0,2.0
1705.0,1.0,3.0
1706.0,1.0,3.0
1707.0,1.0,1.0
1708.0,1.0,2.0
1709.0,1.0,2.0
1710.0,1.0,2.0
1711.0,1.0,2.0
1712.0,1.0,3.0
1713.0,1.0,0.0
1714.0,1.0,1.0
1715.0,1.0,2.0
1716.0,1.0,0.0
1717.0,1.0,2.0
1718.0,1.0,1.0
1719.0,1.0,0.0
1720.0,1.0,2.0
1721.0,1.0,2.0
1722.0,1.0,1.0
1723.0,1.0,2.0
1724.0,1.0,0.0
1725.0,1.0,0.0
1726.0,1.0,1.0
1727.0,1.0,2.0
1728.0,1.0,0.0
1729.0,1.0,1.0
1730.0,1.0,0.0
1731.0,1.0,2.0
1732.0,1.0,2.0
1733.0,1.0,0.0
1734.0,1.0,2.0
1735.0,1.0,1.0
1736.0,1.0,2.0
1737.0,1.0,2.0
1738.0,1.0,0.0
1739.0,1.0,0.0
1740.0,1.0,2.0
1741.0,1.0,0.0
1742.0,1.0,0.0
1743.0,1.0,3.0
1744.0,1.0,1.0
1745.0,1.0,0.0
1746.0,1.0,1.0
1747.0,1.0,2.0
1748.0,1.0,2.0
1749.0,1.0,2.0
1750.0,1.0,0.0
1751.0,1.0,0.0
1752.0,1.0,2.0
1753.0,1.0,0.0
1754.0,1.0,3.0
1755.0,1.0,3.0
1756.0,1.0,2.0
1757.0,1.0,2.0
1758.0,1.0,2.0
1759.0,1.0,3.0
1760.0,1.0,2.0
1761.0,1.0,2.0
1762.0,1.0,0.0
1763.0,1.0,2.0
1764.0,1.0,1.0
1765.0,1.0,2.0
1766.0,1.0,0.0
1767.0,1.0,2.0
1768.0,1.0,0.0
1769.0,1.0,2.0
1770.0,1.0,2.0
1771.0,1.0,2.0
1772.0,1.0,2.0
1773.0,1.0,2.0
1774.0,1.0,0.0
1775.0,1.0,2.0
1776.0,1.0,2.0
1777.0,1.0,1.0
1778.0,1.0,2.0
1779.0,1.0,1.0
1780.0,1.0,1.0
1781.0,1.0,2.0
1782.0,1.0,0.0
1783.0,1.0,2.0
1784.0,1.0,2.0
1785.0,1.0,0.0
1786.0,1.0,0.0
1787.0,1.0,2.0
1788.0,1.0,1.0
1789.0,1.0,2.0
1790.0,1.0,0.0
1791.0,1.0,2.0
1792.0,1.0,2.0
1793.0,1.0,1.0
1794.0,1.0,1.0
1795.0,1.0,2.0
1796.0,1.0,0.0
1797.0,1.0,0.0
1798.0,1.0,3.0
1799.0,1.0,0.0
1800.0,1.0,0.0
1801.0,1.0,3.0
1802.0,1.0,1.0
1803.0,1.0,2.0
1804.0,1.0,3.0
1805.0,1.0,1.0
1806.0,1.0,0.0
1807.0,1.0,2.0
1808.0,1.0,2.0
1809.0,1.0,1.0
1810.0,1.0,0.0
1811.0,1.0,1.0
1812.0,1.0,0.0
1813.0,1.0,2.0
1814.0,1.0,2.0
1815.0,1.0,0.0
1816.0,1.0,0.0
1817.0,1.0,2.0
1818.0,1.0,2.0
1819.0,1.0,2.0
1820.0,1.0,0.0
1821.0,1.0,1.0
1822.0,1.0,2.0
1823.0,1.0,2.0
1824.0,1.0,1.0
1825.0,1.0,0.0
1826.0,1.0,1.0
1827.0,1.0,2.0
1828.0,1.0,2.0
1829.0,1.0,2.0
1830.0,1.0,2.0
1831.0,1.0,2.0
1832.0,1.0,2.0
1833.0,1.0,0.0
1834.0,1.0,2.0
1835.0,1.0,0.0
1836.0,1.0,0.0
1837.0,1.0,0.0
1838.0,1.0,0.0
1839.0,1.0,2.0
1840.0,1.0,1.0
1841.0,1.0,0.0
1842.0,1.0,2.0
1843.0,1.0,2.0
1844.0,1.0,2.0
1845.0,1.0,1.0
1846.0,1.0,2.0
1847.0,1.0,2.0
1848.0,1.0,0.0
1849.0,1.0,0.0
1850.0,1.0,3.0
1851.0,1.0,1.0
1852.0,1.0,1.0
1853.0,1.0,1.0
1854.0,1.0,3.0
1855.0,1.0,2.0
1856.0,1.0,0.0
1857.0,1.0,2.0
1858.0,1.0,2.0
1859.0,1.0,2.0
1860.0,1.0,2.0
1861.0,1.0,0.0
1862.0,1.0,2.0
1863.0,1.0,0.0
1864.0,1.0,2.0
1865.0,1.0,0.0
1866.0,1.0,1.0
1867.0,1.0,1.0
1868.0,1.0,0.0
1869.0,1.0,1.0
1870.0,1.0,2.0
1871.0,1.0,0.0
1872.0,1.0,2.0
1873.0,1.0,0.0
1874.0,1.0,2.0
1875.0,1.0,3.0
1876.0,1.0,3.0
1877.0,1.0,2.0
1878.0,1.0,0.0
1879.0,1.0,2.0
1880.0,1.0,2.0
1881.0,1.0,0.0
1882.0,1.0,3.0
1883.0,1.0,2.0
1884.0,1.0,0.0
1885.0,1.0,2.0
1886.0,1.0,2.0
1887.0,1.0,2.0
1888.0,1.0,2.0
1889.0,1.0,0.0
1890.0,1.0,2.0
1891.0,1.0,1.0
1892.0,1.0,2.0
1893.0,1.0,0.0
1894.0,1.0,2.0
1895.0,1.0,2.0
1896.0,1.0,1.0
1897.0,1.0,2.0
1898.0,1.0,1.0
1899.0,1.0,1.0
1900.0,1.0,1.0
1901.0,1.0,0.0
1902.0,1.0,0.0
1903.0,1.0,0.0
1904.0,1.0,1.0
1905.0,1.0,1.0
1906.0,1.0,3.0
1907.0,1.0,2.0
1908.0,1.0,3.0
1909.0,1.0,2.0
1910.0,1.0,2.0
1911.0,1.0,2.0
1912.0,1.0,1.0
1913.0,1.0,0.0
1914.0,1.0,0.0
1915.0,1.0,2.0
1916.0,1.0,1.0
1917.0,1.0,0.0
1918.0,1.0,1.0
1919.0,1.0,1.0
1920.0,1.0,1.0
1921.0,1.0,0.0
1922.0,1.0,1.0
1923.0,1.0,0.0
1924.0,1.0,0.0
1925.0,1.0,2.0
1926.0,1.0,3.0
1927.0,1.0,2.0
1928.0,1.0,2.0
1929.0,1.0,2.0
1930.0,1.0,0.0
1931.0,1.0,1.0
1932.0,1.0,2.0
1933.0,1.0,3.0
1934.0,1.0,2.0
1935.0,1.0,0.0
1936.0,1.0,2.0
1937.0,1.0,2.0
1938.0,1.0,2.0
1939.0,1.0,2.0
1940.0,1.0,0.0
1941.0,1.0,2.0
1942.0,1.0,2.0
1943.0,1.0,0.0
1944.0,1.0,2.0
1945.0,1.0,1.0
1946.0,1.0,2.0
1947.0,1.0,1.0
1948.0,1.0,0.0
1949.0,1.0,0.0
1950.0,1.0,0.0
1951.0,1.0,0.0
1952.0,1.0,1.0
1953.0,1.0,1.0
1954.0,1.0,0.0
1955.0,1.0,0.0
1956.0,1.0,1.0
1957.0,1.0,1.0
1958.0,1.0,2.0
1959.0,1.0,2.0
1960.0,1.0,2.0
1961.0,1.0,1.0
1962.0,1.0,2.0
1963.0,1.0,2.0
1964.0,1.0,3.0
1965.0,1.0,0.0
1966.0,1.0,2.0
1967.0,1.0,1.0
1968.0,1.0,2.0
1969.0,1.0,2.0
1970.0,1.0,1.0
1971.0,1.0,0.0
1972.0,1.0,0.0
1973.0,1.0,3.0
1974.0,1.0,1.0
1975.0,1.0,0.0
1976.0,1.0,0.0
1977.0,1.0,2.0
1978.0,1.0,0.0
1979.0,1.0,2.0
1980.0,1.0,2.0
1981.0,1.0,2.0
1982.0,1.0,2.0
1983.0,1.0,1.0
1984.0,1.0,2.0
1985.0,1.0,2.0
1986.0,1.0,2.0
1987.0,1.0,0.0
1988.0,1.0,0.0
1989.0,1.0,0.0
1990.0,1.0,2.0
1991.0,1.0,2.0
1992.0,1.0,0.0
1993.0,1.0,0.0
1994.0,1.0,2.0
1995.0,1.0,3.0
1996.0,1.0,0.0
1997.0,1.0,2.0
1998.0,1.0,2.0
1999.0,1.0,2.0
2000.0,1.0,0.0
2001.0,1.0,2.0
2002.0,1.0,0.0
2003.0,1.0,2.0
2004.0,1.0,3.0
2005.0,1.0,2.0
2006.0,1.0,3.0
2007.0,1.0,0.0
2008.0,1.0,2.0
2009.0,1.0,2.0
2010.0,1.0,2.0
2011.0,1.0,0.0
2012.0,1.0,3.0
2013.0,1.0,2.0
2014.0,1.0,2.0
2015.0,1.0,1.0
2016.0,1.0,2.0
2017.0,1.0,2.0
2018.0,1.0,1.0
2019.0,1.0,2.0
2020.0,1.0,0.0
2021.0,1.0,2.0
2022.0,1.0,3.0
2023.0,1.0,1.0
2024.0,1.0,2.0
2025.0,1.0,1.0
2026.0,1.0,2.0
2027.0,1.0,0.0
2028.0,1.0,2.0
2029.0,1.0,0.0
2030.0,1.0,1.0
2031.0,1.0,1.0
2032.0,1.0,0.0
2033.0,1.0,2.0
2034.0,1.0,3.0
2035.0,1.0,1.0
2036.0,1.0,0.0
2037.0,1.0,2.0
2038.0,1.0,2.0
2039.0,1.0,0.0
2040.0,1.0,2.0
2041.0,1.0,2.0
2042.0,1.0,2.0
2043.0,1.0,2.0
2044.0,1.0,1.0
2045.0,1.0,2.0
2046.0,1.0,1.0
2047.0,1.0,1.0
2048.0,1.0,2.0
2049.0,1.0,0.0
2050.0,1.0,0.0
2051.0,1.0,1.0
2052.0,1.0,3.0
2053.0,1.0,2.0
2054.0,1.0,0.0
2055.0,1.0,1.0
2056.0,1.0,2.0
2057.0,1.0,2.0
2058.0,1.0,2.0
2059.0,1.0,2.0
2060.0,1.0,2.0
2061.0,1.0,0.0
2062.0,1.0,1.0
2063.0,1.0,1.0
2064.0,1.0,0.0
2065.0,1.0,0.0
2066.0,1.0,0.0
2067.0,1.0,0.0
2068.0,1.0,0.0
2069.0,1.0,0.0
2070.0,1.0,3.0
2071.0,1.0,0.0
2072.0,1.0,2.0
2073.0,1.0,0.0
2074.0,1.0,2.0
2075.0,1.0,2.0
2076.0,1.0,2.0
2077.0,1.0,0.0
2078.0,1.0,2.0
2079.0,1.0,3.0
2080.0,1.0,1.0
2081.0,1.0,2.0
2082.0,1.0,0.0
2083.0,1.0,2.0
2084.0,1.0,2.0
2085.0,1.0,0.0
2086.0,1.0,1.0
2087.0,1.0,3.0
2088.0,1.0,3.0
2089.0,1.0,0.0
2090.0,1.0,2.0
2091.0,1.0,2.0
2092.0,1.0,2.0
2093.0,1.0,0.0
2094.0,1.0,2.0
2095.0,1.0,0.0
2096.0,1.0,0.0
2097.0,1.0,2.0
2098.0,1.0,2.0
2099.0,1.0,2.0
2100.0,1.0,2.0
2101.0,1.0,0.0
2102.0,1.0,2.0
2103.0,1.0,2.0
2104.0,1.0,0.0
2105.0,1.0,0.0
2106.0,1.0,0.0
2107.0,1.0,3.0
2108.0,1.0,3.0
2109.0,1.0,0.0
2110.0,1.0,1.0
2111.0,1.0,0.0
2112.0,1.0,1.0
2113.0,1.0,2.0
2114.0,1.0,2.0
2115.0,1.0,3.0
2116.0,1.0,3.0
2117.0,1.0,2.0
2118.0,1.0,3.0
2119.0,1.0,0.0
2120.0,1.0,2.0
2121.0,1.0,2.0
2122.0,1.0,2.0
2123.0,1.0,2.0
2124.0,1.0,0.0
2125.0,1.0,2.0
2126.0,1.0,3.0
2127.0,1.0,2.0
2128.0,1.0,1.0
2129.0,1.0,1.0
2130.0,1.0,2.0
2131.0,1.0,1.0
2132.0,1.0,0.0
2133.0,1.0,1.0
2134.0,1.0,2.0
2135.0,1.0,0.0
2136.0,1.0,2.0
2137.0,1.0,3.0
2138.0,1.0,0.0
2139.0,1.0,2.0
2140.0,1.0,3.0
2141.0,1.0,2.0
2142.0,1.0,0.0
2143.0,1.0,2.0
2144.0,1.0,1.0
2145.0,1.0,3.0
2146.0,1.0,0.0
2147.0,1.0,2.0
2148.0,1.0,3.0
2149.0,1.0,1.0
2150.0,1.0,3.0
2151.0,1.0,2.0
2152.0,1.0,1.0
2153.0,1.0,1.0
2154.0,1.0,2.0
2155.0,1.0,2.0
2156.0,1.0,3.0
2157.0,1.0,2.0
2158.0,1.0,3.0
2159.0,1.0,2.0
2160.0,1.0,3.0
2161.0,1.0,1.0
2162.0,1.0,3.0
2163.0,1.0,3.0
2164.0,1.0,2.0
2165.0,1.0,0.0
2166.0,1.0,0.0
2167.0,1.0,2.0
2168.0,1.0,3.0
2169.0,1.0,2.0
2170.0,1.0,2.0
2171.0,1.0,3.0
2172.0,1.0,2.0
2173.0,1.0,1.0
2174.0,1.0,2.0
2175.0,1.0,1.0
2176.0,1.0,2.0
2177.0,1.0,1.0
2178.0,1.0,0.0
2179.0,1.0,1.0
2180.0,1.0,2.0
2181.0,1.0,0.0
2182.0,1.0,3.0
2183.0,1.0,2.0
2184.0,1.0,2.0
2185.0,1.0,3.0
2186.0,1.0,0.0
2187.0,1.0,0.0
2188.0,1.0,0.0
2189.0,1.0,1.0
2190.0,1.0,2.0
2191.0,1.0,0.0
2192.0,1.0,0.0
2193.0,1.0,2.0
2194.0,1.0,0.0
2195.0,1.0,0.0
2196.0,1.0,2.0
2197.0,1.0,2.0
2198.0,1.0,3.0
2199.0,1.0,2.0
2200.0,1.0,2.0
2201.0,1.0,2.0
2202.0,1.0,1.0
2203.0,1.0,1.0
2204.0,1.0,0.0
2205.0,1.0,3.0
2206.0,1.0,1.0
2207.0,1.0,0.0
2208.0,1.0,3.0
2209.0,1.0,2.0
2210.0,1.0,2.0
2211.0,1.0,2.0
2212.0,1.0,1.0
2213.0,1.0,2.0
2214.0,1.0,1.0
2215.0,1.0,0.0
2216.0,1.0,0.0
2217.0,1.0,3.0
2218.0,1.0,2.0
2219.0,1.0,3.0
2220.0,1.0,2.0
2221.0,1.0,3.0
2222.0,1.0,2.0
2223.0,1.0,0.0
2224.0,1.0,2.0
2225.0,1.0,3.0
2226.0,1.0,0.0
2227.0,1.0,1.0
2228.0,1.0,1.0
2229.0,1.0,2.0
4066.0,2.0,3.0
4067.0,2.0,2.0
4068.0,2.0,2.0
4069.0,2.0,1.0
4070.0,2.0,1.0
4071.0,2.0,1.0
4072.0,2.0,3.0
4073.0,2.0,3.0
4074.0,2.0,0.0
4075.0,2.0,3.0
4076.0,2.0,3.0
4077.0,2.0,1.0
4078.0,2.0,3.0
4079.0,2.0,1.0
4080.0,2.0,2.0
4081.0,2.0,1.0
4082.0,2.0,2.0
4083.0,2.0,1.0
4084.0,2.0,1.0
4085.0,2.0,2.0
4086.0,2.0,2.0
4087.0,2.0,2.0
4088.0,2.0,0.0
4089.0,2.0,0.0
4090.0,2.0,2.0
4091.0,2.0,2.0
4092.0,2.0,1.0
4093.0,2.0,3.0
4094.0,2.0,2.0
4095.0,2.0,2.0
4096.0,2.0,1.0
4097.0,2.0,2.0
4098.0,2.0,0.0
4099.0,2.0,1.0
4100.0,2.0,2.0
4101.0,2.0,2.0
4102.0,2.0,1.0
4103.0,2.0,3.0
4104.0,2.0,1.0
4105.0,2.0,2.0
4106.0,2.0,1.0
4107.0,2.0,1.0
4108.0,2.0,1.0
4109.0,2.0,2.0
4110.0,2.0,1.0
4111.0,2.0,2.0
4112.0,2.0,2.0
4113.0,2.0,2.0
4114.0,2.0,3.0
4115.0,2.0,2.0
4116.0,2.0,2.0
4117.0,2.0,1.0
4118.0,2.0,3.0
4119.0,2.0,3.0
4120.0,2.0,3.0
4121.0,2.0,2.0
4122.0,2.0,2.0
4123.0,2.0,2.0
4124.0,2.0,2.0
4125.0,2.0,2.0
4126.0,2.0,2.0
4127.0,2.0,2.0
4128.0,2.0,0.0
4129.0,2.0,0.0
4130.0,2.0,1.0
4131.0,2.0,2.0
4132.0,2.0,2.0
4133.0,2.0,3.0
4134.0,2.0,3.0
4135.0,2.0,0.0
4136.0,2.0,3.0
4137.0,2.0,1.0
4138.0,2.0,2.0
4139.0,2.0,2.0
4140.0,2.0,3.0
4141.0,2.0,2.0
4142.0,2.0,2.0
4143.0,2.0,2.0
4144.0,2.0,1.0
4145.0,2.0,3.0
4146.0,2.0,1.0
4147.0,2.0,0.0
4148.0,2.0,2.0
4149.0,2.0,3.0
4150.0,2.0,1.0
4151.0,2.0,1.0
4152.0,2.0,1.0
4153.0,2.0,0.0
4154.0,2.0,0.0
4155.0,2.0,0.0
4156.0,2.0,2.0
4157.0,2.0,2.0
4158.0,2.0,2.0
4159.0,2.0,2.0
4160.0,2.0,3.0
4161.0,2.0,0.0
4162.0,2.0,2.0
4163.0,2.0,1.0
4164.0,2.0,2.0
4165.0,2.0,1.0
4166.0,2.0,2.0
4167.0,2.0,0.0
4168.0,2.0,2.0
4169.0,2.0,3.0
4170.0,2.0,0.0
4171.0,2.0,3.0
4172.0,2.0,0.0
4173.0,2.0,1.0
4174.0,2.0,3.0
4175.0,2.0,1.0
4176.0,2.0,2.0
4177.0,2.0,1.0
4178.0,2.0,2.0
4179.0,2.0,1.0
4180.0,2.0,2.0
4181.0,2.0,1.0
4182.0,2.0,2.0
4183.0,2.0,1.0
4184.0,2.0,3.0
4185.0,2.0,3.0
4186.0,2.0,1.0
4187.0,2.0,3.0
4188.0,2.0,2.0
4189.0,2.0,1.0
4190.0,2.0,1.0
4191.0,2.0,0.0
4192.0,2.0,2.0
4193.0,2.0,1.0
4194.0,2.0,1.0
4195.0,2.0,2.0
4196.0,2.0,1.0
4197.0,2.0,2.0
4198.0,2.0,2.0
4199.0,2.0,1.0
4200.0,2.0,3.0
4201.0,2.0,1.0
4202.0,2.0,1.0
4203.0,2.0,0.0
4204.0,2.0,2.0
4205.0,2.0,2.0
4206.0,2.0,1.0
4207.0,2.0,2.0
4208.0,2.0,1.0
4209.0,2.0,2.0
4210.0,2.0,1.0
4211.0,2.0,2.0
4212.0,2.0,1.0
4213.0,2.0,2.0
4214.0,2.0,0.0
4215.0,2.0,3.0
4216.0,2.0,2.0
4217.0,2.0,1.0
4218.0,2.0,2.0
4219.0,2.0,1.0
4220.0,2.0,2.0
4221.0,2.0,2.0
4222.0,2.0,2.0
4223.0,2.0,2.0
4224.0,2.0,1.0
4225.0,2.0,1.0
4226.0,2.0,3.0
4227.0,2.0,0.0
4228.0,2.0,2.0
4229.0,2.0,1.0
4230.0,2.0,3.0
4231.0,2.0,3.0
4232.0,2.0,2.0
4233.0,2.0,1.0
4234.0,2.0,2.0
4235.0,2.0,2.0
4236.0,2.0,1.0
4237.0,2.0,0.0
4238.0,2.0,1.0
4239.0,2.0,3.0
4240.0,2.0,2.0
4241.0,2.0,2.0
4242.0,2.0,1.0
4243.0,2.0,2.0
4244.0,2.0,2.0
4245.0,2.0,2.0
4246.0,2.0,2.0
4247.0,2.0,1.0
4248.0,2.0,2.0
4249.0,2.0,2.0
4250.0,2.0,2.0
4251.0,2.0,3.0
4252.0,2.0,3.0
4253.0,2.0,2.0
4254.0,2.0,3.0
4255.0,2.0,3.0
4256.0,2.0,0.0
4257.0,2.0,2.0
4258.0,2.0,3.0
4259.0,2.0,1.0
4260.0,2.0,2.0
4261.0,2.0,0.0
4262.0,2.0,3.0
4263.0,2.0,2.0
4264.0,2.0,2.0
4265.0,2.0,2.0
4266.0,2.0,1.0
4267.0,2.0,3.0
4268.0,2.0,1.0
4269.0,2.0,1.0
4270.0,2.0,0.0
4271.0,2.0,1.0
4272.0,2.0,0.0
4273.0,2.0,0.0
4274.0,2.0,1.0
4275.0,2.0,0.0
4276.0,2.0,3.0
4277.0,2.0,3.0
4278.0,2.0,1.0
4279.0,2.0,1.0
4280.0,2.0,2.0
4281.0,2.0,3.0
4282.0,2.0,3.0
4283.0,2.0,1.0
4284.0,2.0,3.0
4285.0,2.0,1.0
4286.0,2.0,3.0
4287.0,2.0,2.0
4288.0,2.0,0.0
4289.0,2.0,2.0
4290.0,2.0,2.0
4291.0,2.0,3.0
4292.0,2.0,2.0
4293.0,2.0,3.0
4294.0,2.0,2.0
4295.0,2.0,2.0
4296.0,2.0,2.0
4297.0,2.0,2.0
4298.0,2.0,2.0
4299.0,2.0,3.0
4300.0,2.0,2.0
4301.0,2.0,0.0
4302.0,2.0,1.0
4303.0,2.0,2.0
4304.0,2.0,1.0
4305.0,2.0,1.0
4306.0,2.0,2.0
4307.0,2.0,1.0
4308.0,2.0,2.0
4309.0,2.0,3.0
4310.0,2.0,1.0
4311.0,2.0,0.0
4312.0,2.0,1.0
4313.0,2.0,2.0
4314.0,2.0,0.0
4315.0,2.0,2.0
4316.0,2.0,2.0
4317.0,2.0,2.0
4318.0,2.0,0.0
4319.0,2.0,1.0
4320.0,2.0,2.0
4321.0,2.0,1.0
4322.0,2.0,0.0
4323.0,2.0,2.0
4324.0,2.0,3.0
4325.0,2.0,1.0
4326.0,2.0,2.0
4327.0,2.0,2.0
4328.0,2.0,2.0
4329.0,2.0,0.0
4330.0,2.0,0.0
4331.0,2.0,2.0
4332.0,2.0,2.0
4333.0,2.0,3.0
4334.0,2.0,1.0
4335.0,2.0,2.0
4336.0,2.0,0.0
4337.0,2.0,2.0
4338.0,2.0,0.0
4339.0,2.0,1.0
4340.0,2.0,2.0
4341.0,2.0,0.0
4342.0,2.0,1.0
4343.0,2.0,2.0
4344.0,2.0,1.0
4345.0,2.0,2.0
4346.0,2.0,2.0
4347.0,2.0,2.0
4348.0,2.0,3.0
4349.0,2.0,2.0
4350.0,2.0,1.0
4351.0,2.0,1.0
4352.0,2.0,2.0
4353.0,2.0,1.0
4354.0,2.0,2.0
4355.0,2.0,3.0
4356.0,2.0,2.0
4357.0,2.0,3.0
4358.0,2.0,2.0
4359.0,2.0,3.0
4360.0,2.0,1.0
4361.0,2.0,1.0
4362.0,2.0,3.0
4363.0,2.0,2.0
4364.0,2.0,0.0
4365.0,2.0,2.0
4366.0,2.0,2.0
4367.0,2.0,2.0
4368.0,2.0,3.0
4369.0,2.0,0.0
4370.0,2.0,3.0
4371.0,2.0,2.0
4372.0,2.0,2.0
4373.0,2.0,2.0
4374.0,2.0,2.0
4375.0,2.0,2.0
4376.0,2.0,1.0
4377.0,2.0,0.0
4378.0,2.0,3.0
4379.0,2.0,3.0
4380.0,2.0,2.0
4381.0,2.0,2.0
4382.0,2.0,2.0
4383.0,2.0,2.0
4384.0,2.0,1.0
4385.0,2.0,3.0
4386.0,2.0,3.0
4387.0,2.0,2.0
4388.0,2.0,2.0
4389.0,2.0,2.0
4390.0,2.0,2.0
4391.0,2.0,2.0
4392.0,2.0,3.0
4393.0,2.0,3.0
4394.0,2.0,2.0
4395.0,2.0,2.0
4396.0,2.0,0.0
4397.0,2.0,1.0
4398.0,2.0,3.0
4399.0,2.0,2.0
4400.0,2.0,2.0
4401.0,2.0,0.0
4402.0,2.0,2.0
4403.0,2.0,1.0
4404.0,2.0,2.0
4405.0,2.0,2.0
4406.0,2.0,1.0
4407.0,2.0,2.0
4408.0,2.0,1.0
4409.0,2.0,2.0
4410.0,2.0,2.0
4411.0,2.0,2.0
4412.0,2.0,2.0
4413.0,2.0,1.0
4414.0,2.0,3.0
4415.0,2.0,2.0
4416.0,2.0,1.0
4417.0,2.0,0.0
4418.0,2.0,1.0
4419.0,2.0,2.0
4420.0,2.0,2.0
4421.0,2.0,0.0
4422.0,2.0,1.0
4423.0,2.0,1.0
4424.0,2.0,3.0
4425.0,2.0,0.0
4426.0,2.0,2.0
4427.0,2.0,2.0
4428.0,2.0,2.0
4429.0,2.0,2.0
4430.0,2.0,2.0
4431.0,2.0,3.0
4432.0,2.0,1.0
4433.0,2.0,3.0
4434.0,2.0,2.0
4435.0,2.0,2.0
4436.0,2.0,2.0
4437.0,2.0,3.0
4438.0,2.0,1.0
4439.0,2.0,2.0
4440.0,2.0,1.0
4441.0,2.0,2.0
4442.0,2.0,1.0
4443.0,2.0,2.0
4444.0,2.0,3.0
4445.0,2.0,3.0
4446.0,2.0,2.0
4447.0,2.0,1.0
4448.0,2.0,2.0
4449.0,2.0,2.0
4450.0,2.0,1.0
4451.0,2.0,2.0
4452.0,2.0,2.0
4453.0,2.0,0.0
4454.0,2.0,3.0
4455.0,2.0,3.0
4456.0,2.0,2.0
4457.0,2.0,2.0
4458.0,2.0,1.0
4459.0,2.0,2.0
4460.0,2.0,2.0
4461.0,2.0,2.0
4462.0,2.0,2.0
4463.0,2.0,3.0
4464.0,2.0,0.0
4465.0,2.0,2.0
4466.0,2.0,3.0
4467.0,2.0,2.0
4468.0,2.0,2.0
4469.0,2.0,2.0
4470.0,2.0,0.0
4471.0,2.0,1.0
4472.0,2.0,3.0
4473.0,2.0,1.0
4474.0,2.0,1.0
4475.0,2.0,1.0
4476.0,2.0,2.0
4477.0,2.0,3.0
4478.0,2.0,2.0
4479.0,2.0,0.0
4480.0,2.0,2.0
4481.0,2.0,2.0
4482.0,2.0,2.0
4483.0,2.0,2.0
4484.0,2.0,1.0
4485.0,2.0,1.0
4486.0,2.0,0.0
4487.0,2.0,1.0
4488.0,2.0,2.0
4489.0,2.0,2.0
4490.0,2.0,2.0
4491.0,2.0,0.0
6809.0,3.0,1.0
6812.0,3.0,1.0
6813.0,3.0,1.0
6814.0,3.0,1.0
6815.0,3.0,1.0
6816.0,3.0,1.0
6817.0,3.0,2.0
6818.0,3.0,2.0
6820.0,3.0,1.0
6821.0,3.0,2.0
6822.0,3.0,1.0
6823.0,3.0,1.0
6824.0,3.0,1.0
6825.0,3.0,1.0
6826.0,3.0,1.0
6827.0,3.0,1.0
6829.0,3.0,1.0
6830.0,3.0,0.0
6831.0,3.0,1.0
6832.0,3.0,1.0
6833.0,3.0,2.0
6834.0,3.0,2.0
6835.0,3.0,1.0
6837.0,3.0,0.0
6839.0,3.0,1.0
6840.0,3.0,2.0
6841.0,3.0,1.0
6842.0,3.0,1.0
6844.0,3.0,0.0
6845.0,3.0,1.0
6847.0,3.0,2.0
6852.0,3.0,1.0
6854.0,3.0,1.0
6856.0,3.0,1.0
6857.0,3.0,1.0
6859.0,3.0,1.0
6861.0,3.0,1.0
6863.0,3.0,1.0
6864.0,3.0,1.0
6866.0,3.0,1.0
6869.0,3.0,1.0
6870.0,3.0,2.0
6871.0,3.0,2.0
6873.0,3.0,0.0
6875.0,3.0,2.0
6876.0,3.0,0.0
6877.0,3.0,1.0
6878.0,3.0,1.0
6880.0,3.0,2.0
6883.0,3.0,2.0
6884.0,3.0,1.0
6885.0,3.0,2.0
6886.0,3.0,2.0
6887.0,3.0,1.0
6888.0,3.0,2.0
6889.0,3.0,2.0
6890.0,3.0,1.0
6891.0,3.0,2.0
6894.0,3.0,1.0
6896.0,3.0,1.0
6897.0,3.0,1.0
6898.0,3.0,2.0
6899.0,3.0,1.0
6902.0,3.0,1.0
6903.0,3.0,0.0
6904.0,3.0,1.0
6905.0,3.0,0.0
6906.0,3.0,1.0
6908.0,3.0,1.0
6912.0,3.0,1.0
6913.0,3.0,1.0
6914.0,3.0,1.0
6915.0,3.0,2.0
6916.0,3.0,1.0
6917.0,3.0,1.0
6918.0,3.0,2.0
6919.0,3.0,1.0
6924.0,3.0,0.0
6928.0,3.0,1.0
6930.0,3.0,1.0
6932.0,3.0,2.0
6933.0,3.0,1.0
6934.0,3.0,2.0
6935.0,3.0,1.0
6936.0,3.0,1.0
6937.0,3.0,0.0
6939.0,3.0,1.0
6940.0,3.0,2.0
6941.0,3.0,0.0
6944.0,3.0,1.0
6945.0,3.0,2.0
6946.0,3.0,1.0
6947.0,3.0,2.0
6949.0,3.0,1.0
6950.0,3.0,2.0
6951.0,3.0,1.0
6953.0,3.0,1.0
6955.0,3.0,2.0
6956.0,3.0,2.0
6957.0,3.0,2.0
6958.0,3.0,1.0
6959.0,3.0,1.0
6960.0,3.0,2.0
6961.0,3.0,0.0
6962.0,3.0,0.0
6964.0,3.0,1.0
6965.0,3.0,2.0
6966.0,3.0,1.0
6968.0,3.0,1.0
6972.0,3.0,1.0
6974.0,3.0,1.0
6975.0,3.0,1.0
6976.0,3.0,1.0
6977.0,3.0,1.0
6978.0,3.0,1.0
6979.0,3.0,2.0
6980.0,3.0,1.0
6981.0,3.0,1.0
6982.0,3.0,0.0
6983.0,3.0,1.0
6984.0,3.0,1.0
6985.0,3.0,0.0
6988.0,3.0,1.0
6989.0,3.0,1.0
6991.0,3.0,1.0
6993.0,3.0,1.0
6994.0,3.0,2.0
6995.0,3.0,1.0
6996.0,3.0,1.0
6997.0,3.0,1.0
6999.0,3.0,1.0
7000.0,3.0,2.0
7002.0,3.0,1.0
7004.0,3.0,2.0
7006.0,3.0,1.0
7007.0,3.0,1.0
7008.0,3.0,1.0
7009.0,3.0,0.0
7012.0,3.0,1.0
7013.0,3.0,0.0
7015.0,3.0,1.0
7016.0,3.0,2.0
7018.0,3.0,2.0
7021.0,3.0,1.0
7025.0,3.0,2.0
7026.0,3.0,2.0
7029.0,3.0,2.0
7033.0,3.0,1.0
7037.0,3.0,2.0
7038.0,3.0,2.0
7039.0,3.0,0.0
7040.0,3.0,1.0
7041.0,3.0,1.0
7042.0,3.0,0.0
7044.0,3.0,2.0
7046.0,3.0,1.0
7047.0,3.0,1.0
7048.0,3.0,1.0
7049.0,3.0,2.0
7050.0,3.0,2.0
7051.0,3.0,2.0
7054.0,3.0,1.0
7056.0,3.0,2.0
7058.0,3.0,1.0
7062.0,3.0,2.0
7064.0,3.0,0.0
7065.0,3.0,1.0
7067.0,3.0,1.0
7068.0,3.0,0.0
7071.0,3.0,1.0
7072.0,3.0,2.0
7079.0,3.0,1.0
7080.0,3.0,0.0
7081.0,3.0,1.0
7082.0,3.0,1.0
7083.0,3.0,1.0
7084.0,3.0,1.0
7085.0,3.0,0.0
7086.0,3.0,1.0
7088.0,3.0,1.0
7089.0,3.0,2.0
7090.0,3.0,1.0
7091.0,3.0,1.0
7092.0,3.0,1.0
7095.0,3.0,0.0
7096.0,3.0,1.0
7097.0,3.0,0.0
7098.0,3.0,0.0
7102.0,3.0,2.0
7104.0,3.0,1.0
7106.0,3.0,2.0
7107.0,3.0,1.0
7108.0,3.0,0.0
7109.0,3.0,0.0
7110.0,3.0,2.0
7111.0,3.0,1.0
7113.0,3.0,2.0
7115.0,3.0,0.0
7117.0,3.0,1.0
7120.0,3.0,1.0
7121.0,3.0,1.0
7123.0,3.0,0.0
7124.0,3.0,0.0
7125.0,3.0,1.0
7127.0,3.0,1.0
7128.0,3.0,2.0
7131.0,3.0,1.0
7133.0,3.0,1.0
7134.0,3.0,1.0
7136.0,3.0,0.0
7137.0,3.0,1.0
7138.0,3.0,1.0
7141.0,3.0,1.0
7142.0,3.0,1.0
7143.0,3.0,1.0
7144.0,3.0,2.0
7145.0,3.0,1.0
7147.0,3.0,1.0
7148.0,3.0,2.0
7149.0,3.0,2.0
7150.0,3.0,2.0
7151.0,3.0,1.0
7152.0,3.0,1.0
7155.0,3.0,1.0
7156.0,3.0,1.0
7157.0,3.0,1.0
7158.0,3.0,2.0
7161.0,3.0,0.0
7162.0,3.0,0.0
7163.0,3.0,2.0
7164.0,3.0,1.0
7165.0,3.0,1.0
7166.0,3.0,0.0
7168.0,3.0,1.0
7170.0,3.0,1.0
7171.0,3.0,1.0
7172.0,3.0,2.0
7173.0,3.0,1.0
7175.0,3.0,1.0
7177.0,3.0,2.0
7179.0,3.0,1.0
7181.0,3.0,1.0
7182.0,3.0,1.0
7183.0,3.0,1.0
7184.0,3.0,2.0
7185.0,3.0,1.0
7186.0,3.0,1.0
7187.0,3.0,1.0
7189.0,3.0,1.0
7191.0,3.0,1.0
7192.0,3.0,1.0
7193.0,3.0,2.0
7194.0,3.0,2.0
7196.0,3.0,2.0
7197.0,3.0,2.0
7198.0,3.0,2.0
7200.0,3.0,1.0
7201.0,3.0,1.0
7202.0,3.0,0.0
7203.0,3.0,1.0
7204.0,3.0,1.0
7205.0,3.0,1.0
7207.0,3.0,1.0
7208.0,3.0,2.0
7209.0,3.0,1.0
7210.0,3.0,1.0
7212.0,3.0,0.0
7213.0,3.0,1.0
7214.0,3.0,1.0
7215.0,3.0,1.0
7217.0,3.0,1.0
7219.0,3.0,1.0
7220.0,3.0,0.0
7223.0,3.0,1.0
7224.0,3.0,1.0
7225.0,3.0,1.0
7230.0,3.0,0.0
7233.0,3.0,2.0
7234.0,3.0,1.0
7235.0,3.0,1.0
7238.0,3.0,1.0
7239.0,3.0,2.0
7241.0,3.0,2.0
7242.0,3.0,0.0
7243.0,3.0,2.0
7244.0,3.0,1.0
7245.0,3.0,1.0
7246.0,3.0,0.0
7247.0,3.0,1.0
7249.0,3.0,1.0
7251.0,3.0,1.0
7252.0,3.0,1.0
7254.0,3.0,1.0
7255.0,3.0,1.0
7259.0,3.0,1.0
7260.0,3.0,0.0
7263.0,3.0,1.0
7266.0,3.0,2.0
7270.0,3.0,1.0
7272.0,3.0,2.0
7275.0,3.0,1.0
7276.0,3.0,2.0
7277.0,3.0,1.0
7278.0,3.0,1.0
7279.0,3.0,2.0
7282.0,3.0,1.0
7284.0,3.0,1.0
7286.0,3.0,2.0
7287.0,3.0,1.0
7288.0,3.0,1.0
7290.0,3.0,1.0
7291.0,3.0,1.0
7292.0,3.0,2.0
7294.0,3.0,1.0
7295.0,3.0,2.0
7296.0,3.0,0.0
7297.0,3.0,0.0
7298.0,3.0,1.0
7300.0,3.0,1.0
7301.0,3.0,0.0
7302.0,3.0,2.0
7303.0,3.0,2.0
7304.0,3.0,1.0
7307.0,3.0,1.0
7312.0,3.0,1.0
7313.0,3.0,1.0
7315.0,3.0,0.0
7316.0,3.0,1.0
7317.0,3.0,1.0
7318.0,3.0,1.0
7320.0,3.0,2.0
7321.0,3.0,1.0
7322.0,3.0,1.0
7323.0,3.0,0.0
7324.0,3.0,1.0
7325.0,3.0,2.0
7328.0,3.0,0.0
7329.0,3.0,1.0
7330.0,3.0,1.0
7331.0,3.0,1.0
7332.0,3.0,1.0
7334.0,3.0,2.0
7335.0,3.0,0.0
7337.0,3.0,1.0
7338.0,3.0,2.0
7341.0,3.0,2.0
7342.0,3.0,0.0
7343.0,3.0,1.0
7344.0,3.0,0.0
7346.0,3.0,1.0
7348.0,3.0,1.0
7350.0,3.0,0.0
7351.0,3.0,1.0
7354.0,3.0,1.0
7355.0,3.0,1.0
7356.0,3.0,0.0
7359.0,3.0,0.0
7362.0,3.0,0.0
7363.0,3.0,1.0
7366.0,3.0,1.0
7368.0,3.0,2.0
7369.0,3.0,0.0
7371.0,3.0,1.0
7373.0,3.0,0.0
7375.0,3.0,1.0
7376.0,3.0,2.0
7381.0,3.0,1.0
7382.0,3.0,0.0
7384.0,3.0,1.0
7386.0,3.0,2.0
7387.0,3.0,2.0
7388.0,3.0,1.0
7389.0,3.0,1.0
7390.0,3.0,1.0
7391.0,3.0,1.0
7392.0,3.0,2.0
7393.0,3.0,0.0
7396.0,3.0,2.0
7398.0,3.0,1.0
7399.0,3.0,1.0
7400.0,3.0,1.0
7401.0,3.0,2.0
7402.0,3.0,1.0
7403.0,3.0,1.0
7407.0,3.0,2.0
7410.0,3.0,1.0
7412.0,3.0,2.0
7416.0,3.0,0.0
7417.0,3.0,0.0
7418.0,3.0,0.0
7419.0,3.0,1.0
7420.0,3.0,1.0
7421.0,3.0,2.0
7422.0,3.0,1.0
7423.0,3.0,1.0
7424.0,3.0,0.0
7426.0,3.0,1.0
7427.0,3.0,1.0
7429.0,3.0,2.0
7430.0,3.0,2.0
7431.0,3.0,1.0
7432.0,3.0,2.0
7434.0,3.0,1.0
7435.0,3.0,0.0
7437.0,3.0,1.0
7438.0,3.0,2.0
9808.0,4.0,1.0
9810.0,4.0,0.0
9812.0,4.0,0.0
9815.0,4.0,1.0
9816.0,4.0,1.0
9817.0,4.0,1.0
9818.0,4.0,1.0
9820.0,4.0,1.0
9824.0,4.0,0.0
9826.0,4.0,0.0
9829.0,4.0,0.0
9832.0,4.0,2.0
9834.0,4.0,1.0
9835.0,4.0,1.0
9837.0,4.0,1.0
9838.0,4.0,2.0
9842.0,4.0,1.0
9845.0,4.0,0.0
9848.0,4.0,2.0
9850.0,4.0,1.0
9851.0,4.0,2.0
9855.0,4.0,0.0
9856.0,4.0,1.0
9860.0,4.0,0.0
9861.0,4.0,2.0
9862.0,4.0,1.0
9864.0,4.0,1.0
9866.0,4.0,0.0
9867.0,4.0,1.0
9871.0,4.0,0.0
9872.0,4.0,2.0
9874.0,4.0,1.0
9875.0,4.0,1.0
9876.0,4.0,1.0
9879.0,4.0,1.0
9880.0,4.0,0.0
9885.0,4.0,1.0
9890.0,4.0,1.0
9892.0,4.0,1.0
9893.0,4.0,1.0
9894.0,4.0,1.0
9895.0,4.0,2.0
9896.0,4.0,2.0
9897.0,4.0,0.0
9898.0,4.0,1.0
9900.0,4.0,1.0
9903.0,4.0,0.0
9904.0,4.0,0.0
9905.0,4.0,1.0
9908.0,4.0,1.0
9911.0,4.0,1.0
9914.0,4.0,1.0
9920.0,4.0,1.0
9921.0,4.0,0.0
9924.0,4.0,1.0
9926.0,4.0,2.0
9928.0,4.0,0.0
9929.0,4.0,0.0
9930.0,4.0,1.0
9932.0,4.0,2.0
9933.0,4.0,0.0
9936.0,4.0,2.0
9938.0,4.0,0.0
9939.0,4.0,1.0
9940.0,4.0,0.0
9941.0,4.0,1.0
9943.0,4.0,1.0
9945.0,4.0,1.0
9947.0,4.0,1.0
9949.0,4.0,0.0
9950.0,4.0,2.0
9951.0,4.0,0.0
9952.0,4.0,1.0
9960.0,4.0,1.0
9961.0,4.0,2.0
9965.0,4.0,1.0
9969.0,4.0,1.0
9970.0,4.0,0.0
9972.0,4.0,1.0
9975.0,4.0,1.0
9976.0,4.0,1.0
9977.0,4.0,0.0
9980.0,4.0,0.0
9981.0,4.0,1.0
9983.0,4.0,1.0
9985.0,4.0,1.0
9987.0,4.0,0.0
9988.0,4.0,0.0
9990.0,4.0,1.0
9995.0,4.0,1.0
9996.0,4.0,0.0
9998.0,4.0,1.0
10002.0,4.0,0.0
10003.0,4.0,1.0
10004.0,4.0,1.0
10006.0,4.0,0.0
10009.0,4.0,0.0
10012.0,4.0,2.0
10013.0,4.0,0.0
10015.0,4.0,0.0
10016.0,4.0,1.0
10018.0,4.0,2.0
10019.0,4.0,0.0
10020.0,4.0,1.0
10022.0,4.0,0.0
10023.0,4.0,1.0
10026.0,4.0,0.0
10027.0,4.0,1.0
10032.0,4.0,0.0
10034.0,4.0,1.0
10035.0,4.0,2.0
10040.0,4.0,1.0
10041.0,4.0,0.0
10042.0,4.0,1.0
10044.0,4.0,2.0
10050.0,4.0,2.0
10051.0,4.0,1.0
10052.0,4.0,0.0
10055.0,4.0,0.0
10056.0,4.0,1.0
10057.0,4.0,0.0
10058.0,4.0,0.0
10059.0,4.0,2.0
10060.0,4.0,0.0
10061.0,4.0,0.0
10062.0,4.0,1.0
10064.0,4.0,0.0
10065.0,4.0,0.0
10071.0,4.0,1.0
10075.0,4.0,2.0
10077.0,4.0,1.0
10078.0,4.0,1.0
10079.0,4.0,1.0
10080.0,4.0,1.0
10082.0,4.0,0.0
10084.0,4.0,0.0
10086.0,4.0,0.0
10088.0,4.0,1.0
10089.0,4.0,1.0
10090.0,4.0,0.0
10092.0,4.0,1.0
10096.0,4.0,1.0
10098.0,4.0,0.0
10099.0,4.0,0.0
10100.0,4.0,1.0
10102.0,4.0,0.0
10103.0,4.0,2.0
10104.0,4.0,0.0
10106.0,4.0,0.0
10107.0,4.0,0.0
10110.0,4.0,0.0
10111.0,4.0,0.0
10113.0,4.0,0.0
10115.0,4.0,1.0
10116.0,4.0,1.0
10117.0,4.0,1.0
10118.0,4.0,2.0
10119.0,4.0,0.0
10120.0,4.0,1.0
10127.0,4.0,0.0
10128.0,4.0,1.0
10131.0,4.0,1.0
10133.0,4.0,0.0
10136.0,4.0,1.0
10138.0,4.0,0.0
10141.0,4.0,1.0
10143.0,4.0,0.0
10144.0,4.0,1.0
10145.0,4.0,0.0
10146.0,4.0,2.0
10147.0,4.0,1.0
10148.0,4.0,1.0
10149.0,4.0,1.0
10152.0,4.0,1.0
10153.0,4.0,1.0
10154.0,4.0,1.0
10155.0,4.0,0.0
10157.0,4.0,0.0
10158.0,4.0,1.0
10159.0,4.0,0.0
10160.0,4.0,1.0
10162.0,4.0,0.0
10164.0,4.0,1.0
10169.0,4.0,0.0
10170.0,4.0,2.0
10172.0,4.0,0.0
10174.0,4.0,1.0
10176.0,4.0,1.0
10180.0,4.0,1.0
10181.0,4.0,1.0
10183.0,4.0,1.0
10186.0,4.0,2.0
10188.0,4.0,1.0
10189.0,4.0,0.0
10191.0,4.0,0.0
10192.0,4.0,1.0
10193.0,4.0,0.0
10194.0,4.0,0.0
10196.0,4.0,1.0
10198.0,4.0,1.0
10200.0,4.0,2.0
10202.0,4.0,2.0
10204.0,4.0,0.0
10206.0,4.0,1.0
10207.0,4.0,0.0
10208.0,4.0,0.0
10214.0,4.0,0.0
10215.0,4.0,1.0
10217.0,4.0,1.0
10222.0,4.0,0.0
10224.0,4.0,1.0
10225.0,4.0,0.0
10228.0,4.0,2.0
10232.0,4.0,1.0
10239.0,4.0,0.0
10240.0,4.0,1.0
10241.0,4.0,0.0
10243.0,4.0,2.0
10246.0,4.0,1.0
10247.0,4.0,1.0
10248.0,4.0,1.0
10249.0,4.0,1.0
10250.0,4.0,0.0
10252.0,4.0,0.0
10253.0,4.0,2.0
10255.0,4.0,0.0
10256.0,4.0,2.0
10258.0,4.0,0.0
10262.0,4.0,1.0
10266.0,4.0,0.0
10267.0,4.0,1.0
10268.0,4.0,0.0
10270.0,4.0,1.0
10271.0,4.0,1.0
10272.0,4.0,0.0
10273.0,4.0,2.0
10274.0,4.0,1.0
10276.0,4.0,2.0
10278.0,4.0,0.0
10281.0,4.0,1.0
10282.0,4.0,1.0
10284.0,4.0,0.0
10285.0,4.0,0.0
10290.0,4.0,0.0
10292.0,4.0,2.0
10295.0,4.0,0.0
10297.0,4.0,2.0
10298.0,4.0,1.0
10299.0,4.0,0.0
10301.0,4.0,0.0
10303.0,4.0,1.0
10304.0,4.0,0.0
10305.0,4.0,1.0
10307.0,4.0,0.0
10308.0,4.0,0.0
10310.0,4.0,1.0
10313.0,4.0,1.0
10315.0,4.0,1.0
10318.0,4.0,0.0
10320.0,4.0,0.0
10321.0,4.0,1.0
10325.0,4.0,0.0
10332.0,4.0,0.0
10333.0,4.0,0.0
10335.0,4.0,0.0
10337.0,4.0,1.0
10338.0,4.0,0.0
10339.0,4.0,1.0
10340.0,4.0,0.0
10343.0,4.0,0.0
10344.0,4.0,0.0
10346.0,4.0,0.0
10347.0,4.0,2.0
10348.0,4.0,1.0
10349.0,4.0,1.0
10351.0,4.0,1.0
10353.0,4.0,1.0
10354.0,4.0,1.0
10355.0,4.0,0.0
10358.0,4.0,1.0
10359.0,4.0,2.0
10362.0,4.0,0.0
10364.0,4.0,0.0
10365.0,4.0,1.0
10367.0,4.0,0.0
10368.0,4.0,1.0
10370.0,4.0,1.0
10373.0,4.0,1.0
10374.0,4.0,1.0
10375.0,4.0,0.0
10376.0,4.0,1.0
10377.0,4.0,1.0
10378.0,4.0,2.0
10379.0,4.0,1.0
10384.0,4.0,0.0
12762.0,5.0,0.0
12763.0,5.0,0.0
12764.0,5.0,0.0
12765.0,5.0,0.0
12766.0,5.0,0.0
12767.0,5.0,0.0
12768.0,5.0,0.0
12769.0,5.0,0.0
12770.0,5.0,2.0
12771.0,5.0,1.0
12772.0,5.0,0.0
12773.0,5.0,1.0
12774.0,5.0,0.0
12775.0,5.0,0.0
12776.0,5.0,0.0
12777.0,5.0,0.0
12778.0,5.0,0.0
12779.0,5.0,0.0
12780.0,5.0,1.0
12781.0,5.0,0.0
12782.0,5.0,0.0
12783.0,5.0,2.0
12784.0,5.0,0.0
12785.0,5.0,0.0
12786.0,5.0,0.0
12787.0,5.0,0.0
12788.0,5.0,0.0
12789.0,5.0,0.0
12790.0,5.0,0.0
12791.0,5.0,0.0
12792.0,5.0,0.0
12793.0,5.0,0.0
12794.0,5.0,0.0
12795.0,5.0,0.0
12796.0,5.0,0.0
12797.0,5.0,0.0
12798.0,5.0,0.0
12799.0,5.0,1.0
12800.0,5.0,0.0
12801.0,5.0,0.0
12802.0,5.0,0.0
12803.0,5.0,2.0
12804.0,5.0,3.0
12805.0,5.0,0.0
12806.0,5.0,0.0
12807.0,5.0,0.0
12808.0,5.0,0.0
12809.0,5.0,0.0
12810.0,5.0,0.0
12811.0,5.0,0.0
12812.0,5.0,0.0
12813.0,5.0,0.0
12814.0,5.0,0.0
12815.0,5.0,0.0
12816.0,5.0,0.0
12817.0,5.0,0.0
12818.0,5.0,0.0
12819.0,5.0,0.0
12820.0,5.0,1.0
12821.0,5.0,0.0
12822.0,5.0,0.0
12823.0,5.0,0.0
12824.0,5.0,0.0
12825.0,5.0,0.0
12826.0,5.0,0.0
12827.0,5.0,0.0
12828.0,5.0,0.0
12829.0,5.0,0.0
12830.0,5.0,0.0
12831.0,5.0,0.0
12832.0,5.0,0.0
12833.0,5.0,1.0
12834.0,5.0,0.0
12835.0,5.0,0.0
12836.0,5.0,0.0
12837.0,5.0,0.0
12838.0,5.0,0.0
12839.0,5.0,0.0
12840.0,5.0,3.0
12841.0,5.0,0.0
12842.0,5.0,0.0
12843.0,5.0,0.0
12844.0,5.0,0.0
12845.0,5.0,0.0
12846.0,5.0,0.0
12847.0,5.0,0.0
12848.0,5.0,0.0
12849.0,5.0,0.0
12850.0,5.0,0.0
12851.0,5.0,0.0
12852.0,5.0,0.0
12853.0,5.0,0.0
12854.0,5.0,1.0
12855.0,5.0,0.0
12856.0,5.0,0.0
12857.0,5.0,0.0
12858.0,5.0,0.0
12859.0,5.0,0.0
12860.0,5.0,0.0
12861.0,5.0,0.0
12862.0,5.0,0.0
12863.0,5.0,0.0
12864.0,5.0,0.0
12865.0,5.0,1.0
12866.0,5.0,0.0
12867.0,5.0,0.0
12868.0,5.0,0.0
12869.0,5.0,0.0
12870.0,5.0,2.0
12871.0,5.0,0.0
12872.0,5.0,0.0
12873.0,5.0,0.0
12874.0,5.0,0.0
12875.0,5.0,0.0
12876.0,5.0,0.0
12877.0,5.0,0.0
12878.0,5.0,0.0
12879.0,5.0,0.0
12880.0,5.0,0.0
12881.0,5.0,0.0
12882.0,5.0,0.0
12883.0,5.0,0.0
12884.0,5.0,0.0
12885.0,5.0,0.0
12886.0,5.0,0.0
12887.0,5.0,1.0
12888.0,5.0,0.0
12889.0,5.0,0.0
12890.0,5.0,3.0
12891.0,5.0,0.0
12892.0,5.0,0.0
12893.0,5.0,0.0
12894.0,5.0,0.0
12895.0,5.0,3.0
12896.0,5.0,0.0
12897.0,5.0,0.0
12898.0,5.0,0.0
12899.0,5.0,0.0
12900.0,5.0,0.0
12901.0,5.0,0.0
12902.0,5.0,0.0
12903.0,5.0,0.0
12904.0,5.0,0.0
12905.0,5.0,0.0
12906.0,5.0,2.0
12907.0,5.0,0.0
12908.0,5.0,1.0
12909.0,5.0,3.0
12910.0,5.0,0.0
12911.0,5.0,2.0
12912.0,5.0,0.0
12913.0,5.0,0.0
12914.0,5.0,0.0
12915.0,5.0,0.0
12916.0,5.0,0.0
12917.0,5.0,0.0
12918.0,5.0,0.0
12919.0,5.0,0.0
12920.0,5.0,0.0
12921.0,5.0,0.0
12922.0,5.0,3.0
12923.0,5.0,0.0
12924.0,5.0,0.0
12925.0,5.0,0.0
12926.0,5.0,0.0
12927.0,5.0,0.0
12928.0,5.0,0.0
12929.0,5.0,0.0
12930.0,5.0,0.0
12931.0,5.0,0.0
12932.0,5.0,0.0
12933.0,5.0,0.0
12934.0,5.0,0.0
12935.0,5.0,0.0
12936.0,5.0,0.0
12937.0,5.0,0.0
12938.0,5.0,0.0
12939.0,5.0,0.0
12940.0,5.0,1.0
12941.0,5.0,0.0
12942.0,5.0,0.0
12943.0,5.0,0.0
12944.0,5.0,0.0
12945.0,5.0,0.0
12946.0,5.0,0.0
12947.0,5.0,0.0
12948.0,5.0,0.0
12949.0,5.0,0.0
12950.0,5.0,0.0
12951.0,5.0,1.0
12952.0,5.0,0.0
12953.0,5.0,0.0
12954.0,5.0,0.0
12955.0,5.0,0.0
12956.0,5.0,0.0
12957.0,5.0,0.0
12958.0,5.0,0.0
12959.0,5.0,0.0
12960.0,5.0,0.0
12961.0,5.0,0.0
12962.0,5.0,0.0
12963.0,5.0,0.0
12964.0,5.0,0.0
12965.0,5.0,0.0
12966.0,5.0,0.0
12967.0,5.0,0.0
12968.0,5.0,0.0
12969.0,5.0,0.0
12970.0,5.0,0.0
12971.0,5.0,0.0
12972.0,5.0,0.0
12973.0,5.0,0.0
12974.0,5.0,0.0
12975.0,5.0,0.0
12976.0,5.0,0.0
12977.0,5.0,0.0
12978.0,5.0,0.0
12979.0,5.0,0.0
12980.0,5.0,0.0
12981.0,5.0,0.0
12982.0,5.0,0.0
12983.0,5.0,0.0
12984.0,5.0,0.0
12985.0,5.0,0.0
12986.0,5.0,0.0
12987.0,5.0,0.0
12988.0,5.0,0.0
12989.0,5.0,0.0
12990.0,5.0,0.0
12991.0,5.0,0.0
12992.0,5.0,0.0
12993.0,5.0,0.0
12994.0,5.0,0.0
12995.0,5.0,0.0
12996.0,5.0,1.0
12997.0,5.0,0.0
12998.0,5.0,0.0
12999.0,5.0,2.0
13000.0,5.0,0.0
13001.0,5.0,0.0
13002.0,5.0,0.0
13003.0,5.0,0.0
13004.0,5.0,0.0
13005.0,5.0,0.0
13006.0,5.0,0.0
13007.0,5.0,0.0
13008.0,5.0,0.0
13009.0,5.0,1.0
13010.0,5.0,0.0
13011.0,5.0,0.0
13012.0,5.0,0.0
13013.0,5.0,0.0
13014.0,5.0,1.0
13015.0,5.0,3.0
13016.0,5.0,0.0
13017.0,5.0,0.0
13018.0,5.0,3.0
13019.0,5.0,0.0
13020.0,5.0,0.0
13021.0,5.0,0.0
13022.0,5.0,0.0
13023.0,5.0,0.0
13024.0,5.0,0.0
13025.0,5.0,0.0
13026.0,5.0,0.0
13027.0,5.0,0.0
13028.0,5.0,0.0
13029.0,5.0,0.0
13030.0,5.0,0.0
13031.0,5.0,2.0
13032.0,5.0,0.0
13033.0,5.0,0.0
13034.0,5.0,0.0
13035.0,5.0,0.0
13036.0,5.0,0.0
13037.0,5.0,0.0
13038.0,5.0,0.0
13039.0,5.0,0.0
13040.0,5.0,2.0
13041.0,5.0,2.0
13042.0,5.0,0.0
13043.0,5.0,0.0
13044.0,5.0,0.0
13045.0,5.0,0.0
13046.0,5.0,0.0
13047.0,5.0,0.0
13048.0,5.0,0.0
13049.0,5.0,0.0
13050.0,5.0,2.0
13051.0,5.0,0.0
13052.0,5.0,0.0
13053.0,5.0,0.0
13054.0,5.0,0.0
13055.0,5.0,0.0
13056.0,5.0,0.0
13057.0,5.0,0.0
13058.0,5.0,0.0
13059.0,5.0,0.0
13060.0,5.0,0.0
13061.0,5.0,0.0
13062.0,5.0,0.0
13063.0,5.0,1.0
13064.0,5.0,0.0
13065.0,5.0,0.0
13066.0,5.0,0.0
13067.0,5.0,0.0
13068.0,5.0,0.0
13069.0,5.0,0.0
13070.0,5.0,0.0
13071.0,5.0,0.0
13072.0,5.0,0.0
13073.0,5.0,0.0
13074.0,5.0,0.0
13075.0,5.0,0.0
13076.0,5.0,0.0
13077.0,5.0,0.0
13078.0,5.0,3.0
13079.0,5.0,0.0
13080.0,5.0,0.0
13081.0,5.0,0.0
13082.0,5.0,0.0
13083.0,5.0,0.0
13084.0,5.0,1.0
13085.0,5.0,0.0
13086.0,5.0,0.0
13087.0,5.0,0.0
13088.0,5.0,0.0
13089.0,5.0,0.0
13090.0,5.0,0.0
13091.0,5.0,0.0
13092.0,5.0,0.0
13093.0,5.0,0.0
13094.0,5.0,0.0
13095.0,5.0,0.0
13096.0,5.0,0.0
13097.0,5.0,0.0
13098.0,5.0,0.0
13099.0,5.0,0.0
13100.0,5.0,0.0
13101.0,5.0,0.0
13102.0,5.0,0.0
13103.0,5.0,0.0
13104.0,5.0,0.0
13105.0,5.0,0.0
13106.0,5.0,0.0
13107.0,5.0,0.0
13108.0,5.0,0.0
13109.0,5.0,1.0
13110.0,5.0,0.0
13111.0,5.0,0.0
13112.0,5.0,0.0
13113.0,5.0,0.0
13114.0,5.0,0.0
13115.0,5.0,0.0
13116.0,5.0,0.0
13117.0,5.0,3.0
13118.0,5.0,0.0
13119.0,5.0,0.0
13120.0,5.0,0.0
13121.0,5.0,0.0
13122.0,5.0,1.0
13123.0,5.0,0.0
13124.0,5.0,0.0
13125.0,5.0,0.0
13126.0,5.0,0.0
13127.0,5.0,0.0
13128.0,5.0,1.0
13129.0,5.0,0.0
13130.0,5.0,0.0
13131.0,5.0,0.0
13132.0,5.0,0.0
13133.0,5.0,0.0
13134.0,5.0,0.0
13135.0,5.0,0.0
13136.0,5.0,0.0
13137.0,5.0,2.0
13138.0,5.0,0.0
13139.0,5.0,0.0
13140.0,5.0,3.0
13141.0,5.0,0.0
13142.0,5.0,0.0
13143.0,5.0,0.0
13144.0,5.0,0.0
13145.0,5.0,0.0
13146.0,5.0,0.0
13147.0,5.0,0.0
13148.0,5.0,0.0
13149.0,5.0,0.0
13150.0,5.0,0.0
13151.0,5.0,3.0
13152.0,5.0,0.0
13153.0,5.0,0.0
13154.0,5.0,0.0
13155.0,5.0,1.0
13156.0,5.0,0.0
13157.0,5.0,0.0
13158.0,5.0,0.0
13159.0,5.0,0.0
13160.0,5.0,0.0
13161.0,5.0,0.0
13162.0,5.0,0.0
13163.0,5.0,0.0
13164.0,5.0,0.0
13165.0,5.0,0.0
13166.0,5.0,0.0
13167.0,5.0,0.0
13168.0,5.0,0.0
13169.0,5.0,0.0
13170.0,5.0,0.0
13171.0,5.0,2.0
13172.0,5.0,1.0
13173.0,5.0,0.0
13174.0,5.0,0.0
13175.0,5.0,0.0
13176.0,5.0,0.0
13177.0,5.0,0.0
13178.0,5.0,0.0
13179.0,5.0,0.0
13180.0,5.0,0.0
13181.0,5.0,0.0
13182.0,5.0,0.0
13183.0,5.0,0.0
13184.0,5.0,0.0
13185.0,5.0,0.0
13186.0,5.0,0.0
13187.0,5.0,0.0
13188.0,5.0,0.0
13189.0,5.0,0.0
13190.0,5.0,0.0
13191.0,5.0,0.0
13192.0,5.0,0.0
13193.0,5.0,0.0
13194.0,5.0,1.0
13195.0,5.0,3.0
13196.0,5.0,0.0
13197.0,5.0,0.0
13198.0,5.0,0.0
13199.0,5.0,0.0
13200.0,5.0,0.0
13201.0,5.0,0.0
13202.0,5.0,0.0
13203.0,5.0,0.0
13204.0,5.0,0.0
13205.0,5.0,0.0
13206.0,5.0,0.0
13207.0,5.0,3.0
13208.0,5.0,0.0
13209.0,5.0,0.0
13210.0,5.0,0.0
13211.0,5.0,0.0
13212.0,5.0,0.0
13213.0,5.0,0.0
13214.0,5.0,1.0
13215.0,5.0,0.0
13216.0,5.0,0.0
13217.0,5.0,0.0
13218.0,5.0,0.0
13219.0,5.0,0.0
13220.0,5.0,0.0
13221.0,5.0,0.0
13222.0,5.0,0.0
13223.0,5.0,0.0
13224.0,5.0,0.0
13225.0,5.0,0.0
13226.0,5.0,0.0
13227.0,5.0,0.0
13228.0,5.0,0.0
13229.0,5.0,0.0
13230.0,5.0,1.0
13231.0,5.0,0.0
13232.0,5.0,0.0
13233.0,5.0,0.0
13234.0,5.0,1.0
13235.0,5.0,0.0
13236.0,5.0,1.0
13237.0,5.0,0.0
13238.0,5.0,0.0
13239.0,5.0,0.0
13240.0,5.0,2.0
13241.0,5.0,0.0
13242.0,5.0,0.0
13243.0,5.0,0.0
13244.0,5.0,0.0
13245.0,5.0,3.0
13246.0,5.0,0.0
13247.0,5.0,0.0
13248.0,5.0,0.0
13249.0,5.0,0.0
13250.0,5.0,2.0
13251.0,5.0,0.0
13252.0,5.0,3.0
13253.0,5.0,0.0
13254.0,5.0,0.0
13255.0,5.0,0.0
13256.0,5.0,0.0
13257.0,5.0,0.0
13258.0,5.0,0.0
13259.0,5.0,0.0
13260.0,5.0,0.0
13261.0,5.0,0.0
13262.0,5.0,0.0
13263.0,5.0,0.0
13264.0,5.0,0.0
13265.0,5.0,0.0
13266.0,5.0,0.0
13267.0,5.0,0.0
13268.0,5.0,0.0
13269.0,5.0,0.0
13270.0,5.0,0.0
13271.0,5.0,0.0
13272.0,5.0,0.0
13273.0,5.0,0.0
13274.0,5.0,0.0
13275.0,5.0,0.0
13276.0,5.0,0.0
13277.0,5.0,0.0
13278.0,5.0,0.0
13279.0,5.0,2.0
13280.0,5.0,0.0
13281.0,5.0,0.0
13282.0,5.0,1.0
13283.0,5.0,0.0
13284.0,5.0,0.0
13285.0,5.0,0.0
13286.0,5.0,0.0
13287.0,5.0,0.0
13288.0,5.0,0.0
13289.0,5.0,0.0
13290.0,5.0,0.0
13291.0,5.0,0.0
13292.0,5.0,0.0
13293.0,5.0,2.0
13294.0,5.0,0.0
13295.0,5.0,0.0
13296.0,5.0,0.0
13297.0,5.0,0.0
13298.0,5.0,0.0
13299.0,5.0,0.0
13300.0,5.0,3.0
13301.0,5.0,0.0
13302.0,5.0,0.0
13303.0,5.0,0.0
13304.0,5.0,3.0
13305.0,5.0,0.0
13306.0,5.0,0.0
13307.0,5.0,0.0
13308.0,5.0,0.0
13309.0,5.0,0.0
13310.0,5.0,0.0
13311.0,5.0,0.0
13312.0,5.0,0.0
13313.0,5.0,0.0
13314.0,5.0,0.0
13315.0,5.0,0.0
13316.0,5.0,0.0
13317.0,5.0,0.0
13318.0,5.0,0.0
13319.0,5.0,0.0
13320.0,5.0,0.0
13321.0,5.0,0.0
13322.0,5.0,0.0
13323.0,5.0,0.0
13324.0,5.0,0.0
13325.0,5.0,0.0
13326.0,5.0,0.0
13327.0,5.0,0.0
13328.0,5.0,0.0
13329.0,5.0,0.0
13330.0,5.0,0.0
13331.0,5.0,0.0
13332.0,5.0,1.0
13333.0,5.0,0.0
13334.0,5.0,0.0
13335.0,5.0,0.0
13336.0,5.0,0.0
13337.0,5.0,0.0
13338.0,5.0,0.0
13339.0,5.0,0.0
13340.0,5.0,1.0
13341.0,5.0,0.0
13342.0,5.0,0.0
13343.0,5.0,0.0
13344.0,5.0,0.0
13345.0,5.0,0.0
13346.0,5.0,0.0
13347.0,5.0,0.0
13348.0,5.0,0.0
13349.0,5.0,0.0
13350.0,5.0,0.0
13351.0,5.0,1.0
13352.0,5.0,0.0
13353.0,5.0,0.0
13354.0,5.0,0.0
13355.0,5.0,0.0
13356.0,5.0,0.0
13357.0,5.0,0.0
13358.0,5.0,0.0
13359.0,5.0,0.0
15756.0,6.0,0.0
15757.0,6.0,0.0
15758.0,6.0,0.0
15759.0,6.0,0.0
15760.0,6.0,0.0
15761.0,6.0,2.0
15762.0,6.0,2.0
15763.0,6.0,0.0
15764.0,6.0,0.0
15765.0,6.0,0.0
15766.0,6.0,0.0
15767.0,6.0,0.0
15768.0,6.0,0.0
15769.0,6.0,0.0
15770.0,6.0,0.0
15771.0,6.0,0.0
15772.0,6.0,0.0
15773.0,6.0,0.0
15774.0,6.0,0.0
15775.0,6.0,0.0
15776.0,6.0,0.0
15777.0,6.0,0.0
15778.0,6.0,0.0
15779.0,6.0,0.0
15780.0,6.0,0.0
15781.0,6.0,0.0
15782.0,6.0,0.0
15783.0,6.0,0.0
15784.0,6.0,0.0
15785.0,6.0,0.0
15786.0,6.0,0.0
15787.0,6.0,0.0
15788.0,6.0,0.0
15789.0,6.0,0.0
15790.0,6.0,0.0
15791.0,6.0,0.0
15792.0,6.0,0.0
15793.0,6.0,0.0
15794.0,6.0,0.0
15795.0,6.0,0.0
15796.0,6.0,0.0
15797.0,6.0,0.0
15798.0,6.0,0.0
15799.0,6.0,0.0
15800.0,6.0,0.0
15801.0,6.0,0.0
15802.0,6.0,0.0
15803.0,6.0,0.0
15804.0,6.0,0.0
15805.0,6.0,0.0
15806.0,6.0,0.0
15807.0,6.0,0.0
15808.0,6.0,0.0
15809.0,6.0,0.0
15810.0,6.0,0.0
15811.0,6.0,0.0
15812.0,6.0,0.0
15813.0,6.0,0.0
15814.0,6.0,3.0
15815.0,6.0,0.0
15816.0,6.0,0.0
15817.0,6.0,2.0
15818.0,6.0,0.0
15819.0,6.0,2.0
15820.0,6.0,2.0
15821.0,6.0,0.0
15822.0,6.0,0.0
15823.0,6.0,0.0
15824.0,6.0,0.0
15825.0,6.0,0.0
15826.0,6.0,0.0
15827.0,6.0,0.0
15828.0,6.0,2.0
15829.0,6.0,0.0
15830.0,6.0,0.0
15831.0,6.0,0.0
15832.0,6.0,2.0
15833.0,6.0,0.0
15834.0,6.0,0.0
15835.0,6.0,0.0
15836.0,6.0,0.0
15837.0,6.0,0.0
15838.0,6.0,0.0
15839.0,6.0,0.0
15840.0,6.0,0.0
15841.0,6.0,2.0
15842.0,6.0,0.0
15843.0,6.0,0.0
15844.0,6.0,0.0
15845.0,6.0,0.0
15846.0,6.0,0.0
15847.0,6.0,2.0
15848.0,6.0,0.0
15849.0,6.0,0.0
15850.0,6.0,0.0
15851.0,6.0,0.0
15852.0,6.0,0.0
15853.0,6.0,0.0
15854.0,6.0,0.0
15855.0,6.0,0.0
15856.0,6.0,0.0
15857.0,6.0,0.0
15858.0,6.0,0.0
15859.0,6.0,0.0
15860.0,6.0,0.0
15861.0,6.0,0.0
15862.0,6.0,2.0
15863.0,6.0,0.0
15864.0,6.0,0.0
15865.0,6.0,0.0
15866.0,6.0,0.0
15867.0,6.0,2.0
15868.0,6.0,0.0
15869.0,6.0,0.0
15870.0,6.0,0.0
15871.0,6.0,0.0
15872.0,6.0,0.0
15873.0,6.0,0.0
15874.0,6.0,1.0
15875.0,6.0,0.0
15876.0,6.0,0.0
15877.0,6.0,0.0
15878.0,6.0,1.0
15879.0,6.0,0.0
15880.0,6.0,0.0
15881.0,6.0,0.0
15882.0,6.0,0.0
15883.0,6.0,0.0
15884.0,6.0,0.0
15885.0,6.0,0.0
15886.0,6.0,0.0
15887.0,6.0,0.0
15888.0,6.0,0.0
15889.0,6.0,0.0
15890.0,6.0,0.0
15891.0,6.0,0.0
15892.0,6.0,0.0
15893.0,6.0,0.0
15894.0,6.0,0.0
15895.0,6.0,0.0
15896.0,6.0,0.0
15897.0,6.0,1.0
15898.0,6.0,0.0
15899.0,6.0,0.0
15900.0,6.0,0.0
15901.0,6.0,0.0
15902.0,6.0,1.0
15903.0,6.0,0.0
15904.0,6.0,0.0
15905.0,6.0,0.0
15906.0,6.0,0.0
15907.0,6.0,0.0
15908.0,6.0,0.0
15909.0,6.0,3.0
15910.0,6.0,0.0
15911.0,6.0,0.0
15912.0,6.0,0.0
15913.0,6.0,0.0
15914.0,6.0,0.0
15915.0,6.0,0.0
15916.0,6.0,0.0
15917.0,6.0,0.0
15918.0,6.0,2.0
15919.0,6.0,0.0
15920.0,6.0,0.0
15921.0,6.0,0.0
15922.0,6.0,0.0
15923.0,6.0,0.0
15924.0,6.0,0.0
15925.0,6.0,0.0
15926.0,6.0,2.0
15927.0,6.0,0.0
15928.0,6.0,0.0
15929.0,6.0,0.0
15930.0,6.0,2.0
15931.0,6.0,0.0
15932.0,6.0,0.0
15933.0,6.0,0.0
15934.0,6.0,0.0
15935.0,6.0,0.0
15936.0,6.0,0.0
15937.0,6.0,0.0
15938.0,6.0,0.0
15939.0,6.0,0.0
15940.0,6.0,0.0
15941.0,6.0,0.0
15942.0,6.0,0.0
15943.0,6.0,0.0
15944.0,6.0,0.0
15945.0,6.0,0.0
15946.0,6.0,0.0
15947.0,6.0,0.0
15948.0,6.0,0.0
15949.0,6.0,0.0
15950.0,6.0,0.0
15951.0,6.0,0.0
15952.0,6.0,0.0
15953.0,6.0,0.0
15954.0,6.0,0.0
15955.0,6.0,0.0
15956.0,6.0,2.0
15957.0,6.0,0.0
15958.0,6.0,0.0
15959.0,6.0,0.0
15960.0,6.0,0.0
15961.0,6.0,0.0
15962.0,6.0,0.0
15963.0,6.0,0.0
15964.0,6.0,0.0
15965.0,6.0,0.0
15966.0,6.0,0.0
15967.0,6.0,0.0
15968.0,6.0,0.0
15969.0,6.0,2.0
15970.0,6.0,2.0
15971.0,6.0,0.0
15972.0,6.0,0.0
15973.0,6.0,0.0
15974.0,6.0,0.0
15975.0,6.0,0.0
15976.0,6.0,0.0
15977.0,6.0,0.0
15978.0,6.0,0.0
15979.0,6.0,0.0
15980.0,6.0,0.0
15981.0,6.0,0.0
15982.0,6.0,0.0
15983.0,6.0,0.0
15984.0,6.0,0.0
15985.0,6.0,0.0
15986.0,6.0,0.0
15987.0,6.0,0.0
15988.0,6.0,0.0
15989.0,6.0,0.0
15990.0,6.0,0.0
15991.0,6.0,0.0
15992.0,6.0,0.0
15993.0,6.0,0.0
15994.0,6.0,0.0
15995.0,6.0,0.0
15996.0,6.0,0.0
15997.0,6.0,0.0
15998.0,6.0,0.0
15999.0,6.0,0.0
16000.0,6.0,0.0
16001.0,6.0,0.0
16002.0,6.0,0.0
16003.0,6.0,0.0
16004.0,6.0,0.0
16005.0,6.0,0.0
16006.0,6.0,0.0
16007.0,6.0,0.0
16008.0,6.0,2.0
16009.0,6.0,0.0
16010.0,6.0,0.0
16011.0,6.0,0.0
16012.0,6.0,0.0
16013.0,6.0,0.0
16014.0,6.0,0.0
16015.0,6.0,0.0
16016.0,6.0,0.0
16017.0,6.0,0.0
16018.0,6.0,0.0
16019.0,6.0,0.0
16020.0,6.0,0.0
16021.0,6.0,0.0
16022.0,6.0,0.0
16023.0,6.0,0.0
16024.0,6.0,3.0
16025.0,6.0,0.0
16026.0,6.0,0.0
16027.0,6.0,0.0
16028.0,6.0,0.0
16029.0,6.0,0.0
16030.0,6.0,0.0
16031.0,6.0,0.0
16032.0,6.0,0.0
16033.0,6.0,0.0
16034.0,6.0,0.0
16035.0,6.0,0.0
16036.0,6.0,0.0
16037.0,6.0,0.0
16038.0,6.0,0.0
16039.0,6.0,0.0
16040.0,6.0,0.0
16041.0,6.0,0.0
16042.0,6.0,0.0
16043.0,6.0,0.0
16044.0,6.0,0.0
16045.0,6.0,0.0
16046.0,6.0,0.0
16047.0,6.0,0.0
16048.0,6.0,0.0
16049.0,6.0,0.0
16050.0,6.0,0.0
16051.0,6.0,2.0
16052.0,6.0,0.0
16053.0,6.0,0.0
16054.0,6.0,0.0
16055.0,6.0,0.0
16056.0,6.0,0.0
16057.0,6.0,0.0
16058.0,6.0,0.0
16059.0,6.0,0.0
16060.0,6.0,0.0
16061.0,6.0,0.0
16062.0,6.0,0.0
16063.0,6.0,0.0
16064.0,6.0,0.0
16065.0,6.0,0.0
16066.0,6.0,0.0
16067.0,6.0,0.0
16068.0,6.0,0.0
16069.0,6.0,0.0
16070.0,6.0,0.0
16071.0,6.0,0.0
16072.0,6.0,0.0
16073.0,6.0,0.0
16074.0,6.0,0.0
16075.0,6.0,0.0
16076.0,6.0,0.0
16077.0,6.0,0.0
16078.0,6.0,0.0
16079.0,6.0,0.0
16080.0,6.0,0.0
16081.0,6.0,0.0
16082.0,6.0,0.0
16083.0,6.0,0.0
16084.0,6.0,0.0
16085.0,6.0,2.0
16086.0,6.0,0.0
16087.0,6.0,0.0
16088.0,6.0,0.0
16089.0,6.0,0.0
16090.0,6.0,0.0
16091.0,6.0,2.0
16092.0,6.0,0.0
16093.0,6.0,0.0
16094.0,6.0,0.0
16095.0,6.0,0.0
16096.0,6.0,0.0
16097.0,6.0,0.0
16098.0,6.0,0.0
16099.0,6.0,2.0
16100.0,6.0,0.0
16101.0,6.0,0.0
16102.0,6.0,0.0
16103.0,6.0,0.0
16104.0,6.0,2.0
16105.0,6.0,0.0
16106.0,6.0,0.0
16107.0,6.0,0.0
16108.0,6.0,0.0
16109.0,6.0,0.0
16110.0,6.0,0.0
16111.0,6.0,3.0
16112.0,6.0,0.0
16113.0,6.0,0.0
16114.0,6.0,0.0
16115.0,6.0,0.0
16116.0,6.0,0.0
16117.0,6.0,0.0
16118.0,6.0,0.0
16119.0,6.0,0.0
16120.0,6.0,0.0
16121.0,6.0,0.0
16122.0,6.0,0.0
16123.0,6.0,0.0
16124.0,6.0,0.0
16125.0,6.0,0.0
16126.0,6.0,2.0
16127.0,6.0,1.0
16128.0,6.0,0.0
16129.0,6.0,2.0
16130.0,6.0,0.0
16131.0,6.0,0.0
16132.0,6.0,0.0
16133.0,6.0,0.0
16134.0,6.0,2.0
16135.0,6.0,0.0
16136.0,6.0,0.0
16137.0,6.0,0.0
16138.0,6.0,0.0
16139.0,6.0,0.0
16140.0,6.0,0.0
16141.0,6.0,0.0
16142.0,6.0,0.0
16143.0,6.0,3.0
16144.0,6.0,0.0
16145.0,6.0,0.0
16146.0,6.0,0.0
16147.0,6.0,0.0
16148.0,6.0,0.0
16149.0,6.0,0.0
16150.0,6.0,0.0
16151.0,6.0,0.0
16152.0,6.0,0.0
16153.0,6.0,0.0
16154.0,6.0,0.0
16155.0,6.0,0.0
16156.0,6.0,0.0
16157.0,6.0,0.0
16158.0,6.0,0.0
16159.0,6.0,2.0
16160.0,6.0,3.0
16161.0,6.0,0.0
16162.0,6.0,0.0
16163.0,6.0,0.0
16164.0,6.0,3.0
16165.0,6.0,2.0
16166.0,6.0,0.0
16167.0,6.0,0.0
16168.0,6.0,0.0
16169.0,6.0,0.0
16170.0,6.0,2.0
16171.0,6.0,0.0
16172.0,6.0,0.0
16173.0,6.0,0.0
16174.0,6.0,0.0
16175.0,6.0,0.0
16176.0,6.0,0.0
16177.0,6.0,0.0
16178.0,6.0,0.0
16179.0,6.0,0.0
16180.0,6.0,0.0
16181.0,6.0,0.0
16182.0,6.0,0.0
16183.0,6.0,0.0
16184.0,6.0,0.0
16185.0,6.0,0.0
16186.0,6.0,0.0
16187.0,6.0,0.0
16188.0,6.0,2.0
16189.0,6.0,0.0
16190.0,6.0,0.0
16191.0,6.0,0.0
16192.0,6.0,0.0
16193.0,6.0,0.0
16194.0,6.0,0.0
16195.0,6.0,0.0
16196.0,6.0,2.0
16197.0,6.0,0.0
16198.0,6.0,0.0
16199.0,6.0,0.0
16200.0,6.0,0.0
16201.0,6.0,0.0
16202.0,6.0,0.0
16203.0,6.0,0.0
16204.0,6.0,0.0
16205.0,6.0,0.0
16206.0,6.0,0.0
16207.0,6.0,0.0
16208.0,6.0,0.0
16209.0,6.0,2.0
16210.0,6.0,0.0
16211.0,6.0,0.0
16212.0,6.0,0.0
16213.0,6.0,0.0
16214.0,6.0,0.0
16215.0,6.0,0.0
16216.0,6.0,0.0
16217.0,6.0,0.0
16218.0,6.0,0.0
16219.0,6.0,0.0
16220.0,6.0,0.0
16221.0,6.0,0.0
16222.0,6.0,0.0
16223.0,6.0,0.0
16224.0,6.0,0.0
16225.0,6.0,3.0
16226.0,6.0,0.0
16227.0,6.0,0.0
16228.0,6.0,0.0
16229.0,6.0,0.0
16230.0,6.0,0.0
16231.0,6.0,0.0
16232.0,6.0,0.0
16233.0,6.0,0.0
16234.0,6.0,0.0
16235.0,6.0,0.0
16236.0,6.0,2.0
16237.0,6.0,0.0
16238.0,6.0,0.0
16239.0,6.0,0.0
16240.0,6.0,0.0
16241.0,6.0,0.0
16242.0,6.0,0.0
16243.0,6.0,0.0
16244.0,6.0,0.0
16245.0,6.0,0.0
16246.0,6.0,3.0
16247.0,6.0,0.0
16248.0,6.0,0.0
16249.0,6.0,0.0
16250.0,6.0,0.0
16251.0,6.0,0.0
16252.0,6.0,2.0
16253.0,6.0,0.0
16254.0,6.0,0.0
16255.0,6.0,0.0
16256.0,6.0,0.0
16257.0,6.0,0.0
16258.0,6.0,0.0
16259.0,6.0,0.0
16260.0,6.0,0.0
16261.0,6.0,0.0
16262.0,6.0,0.0
16263.0,6.0,0.0
16264.0,6.0,0.0
16265.0,6.0,0.0
16266.0,6.0,0.0
16267.0,6.0,0.0
16268.0,6.0,0.0
16269.0,6.0,0.0
16270.0,6.0,0.0
16271.0,6.0,2.0
16272.0,6.0,2.0
16273.0,6.0,0.0
16274.0,6.0,0.0
16275.0,6.0,0.0
16276.0,6.0,0.0
16277.0,6.0,0.0
16278.0,6.0,0.0
16279.0,6.0,0.0
16280.0,6.0,0.0
16281.0,6.0,0.0
16282.0,6.0,0.0
16283.0,6.0,0.0
16284.0,6.0,0.0
16285.0,6.0,2.0
16286.0,6.0,0.0
16287.0,6.0,0.0
16288.0,6.0,3.0
16289.0,6.0,0.0
16290.0,6.0,0.0
16291.0,6.0,0.0
16292.0,6.0,0.0
16293.0,6.0,0.0
16294.0,6.0,0.0
16295.0,6.0,0.0
16296.0,6.0,0.0
16297.0,6.0,0.0
16298.0,6.0,0.0
16299.0,6.0,2.0
16300.0,6.0,0.0
16301.0,6.0,0.0
16302.0,6.0,0.0
16303.0,6.0,0.0
16304.0,6.0,0.0
16305.0,6.0,0.0
16306.0,6.0,0.0
16307.0,6.0,0.0
16308.0,6.0,0.0
16309.0,6.0,0.0
16310.0,6.0,0.0
16311.0,6.0,0.0
16312.0,6.0,0.0
16313.0,6.0,0.0
16314.0,6.0,0.0
16315.0,6.0,0.0
16316.0,6.0,0.0
16317.0,6.0,0.0
16318.0,6.0,0.0
16319.0,6.0,0.0
16320.0,6.0,0.0
16321.0,6.0,0.0
16322.0,6.0,0.0
16323.0,6.0,0.0
16324.0,6.0,0.0
16325.0,6.0,0.0
16326.0,6.0,0.0
16327.0,6.0,0.0
16328.0,6.0,0.0
16329.0,6.0,0.0
16330.0,6.0,0.0
16331.0,6.0,0.0
16332.0,6.0,0.0
16333.0,6.0,0.0
16334.0,6.0,0.0
16335.0,6.0,0.0
16336.0,6.0,0.0
16337.0,6.0,0.0
16338.0,6.0,0.0
16339.0,6.0,0.0
16340.0,6.0,0.0
16341.0,6.0,0.0
16342.0,6.0,0.0
16343.0,6.0,0.0
16344.0,6.0,0.0
16345.0,6.0,0.0
16346.0,6.0,0.0
16347.0,6.0,0.0
16348.0,6.0,0.0
16349.0,6.0,0.0
16350.0,6.0,0.0
16351.0,6.0,0.0
16352.0,6.0,0.0
16353.0,6.0,0.0
16354.0,6.0,0.0
18753.0,7.0,0.0
18754.0,7.0,0.0
18755.0,7.0,0.0
18756.0,7.0,0.0
18757.0,7.0,0.0
18758.0,7.0,2.0
18759.0,7.0,2.0
18760.0,7.0,2.0
18761.0,7.0,0.0
18762.0,7.0,0.0
18763.0,7.0,0.0
18764.0,7.0,0.0
18765.0,7.0,0.0
18766.0,7.0,0.0
18767.0,7.0,0.0
18768.0,7.0,0.0
18769.0,7.0,2.0
18770.0,7.0,0.0
18771.0,7.0,0.0
18772.0,7.0,0.0
18773.0,7.0,0.0
18774.0,7.0,0.0
18775.0,7.0,2.0
18776.0,7.0,0.0
18777.0,7.0,0.0
18778.0,7.0,0.0
18779.0,7.0,0.0
18780.0,7.0,0.0
18781.0,7.0,0.0
18782.0,7.0,2.0
18783.0,7.0,2.0
18784.0,7.0,2.0
18785.0,7.0,0.0
18786.0,7.0,0.0
18787.0,7.0,2.0
18788.0,7.0,0.0
18789.0,7.0,0.0
18790.0,7.0,0.0
18791.0,7.0,0.0
18792.0,7.0,0.0
18793.0,7.0,2.0
18794.0,7.0,0.0
18795.0,7.0,2.0
18796.0,7.0,0.0
18797.0,7.0,0.0
18798.0,7.0,0.0
18799.0,7.0,0.0
18800.0,7.0,2.0
18801.0,7.0,0.0
18802.0,7.0,0.0
18803.0,7.0,2.0
18804.0,7.0,2.0
18805.0,7.0,0.0
18806.0,7.0,2.0
18807.0,7.0,2.0
18808.0,7.0,2.0
18809.0,7.0,0.0
18810.0,7.0,0.0
18811.0,7.0,0.0
18812.0,7.0,2.0
18813.0,7.0,2.0
18814.0,7.0,2.0
18815.0,7.0,0.0
18816.0,7.0,2.0
18817.0,7.0,0.0
18818.0,7.0,0.0
18819.0,7.0,1.0
18820.0,7.0,0.0
18821.0,7.0,2.0
18822.0,7.0,0.0
18823.0,7.0,0.0
18824.0,7.0,2.0
18825.0,7.0,0.0
18826.0,7.0,0.0
18827.0,7.0,2.0
18828.0,7.0,2.0
18829.0,7.0,0.0
18830.0,7.0,0.0
18831.0,7.0,2.0
18832.0,7.0,2.0
18833.0,7.0,0.0
18834.0,7.0,0.0
18835.0,7.0,2.0
18836.0,7.0,2.0
18837.0,7.0,2.0
18838.0,7.0,0.0
18839.0,7.0,0.0
18840.0,7.0,0.0
18841.0,7.0,0.0
18842.0,7.0,0.0
18843.0,7.0,0.0
18844.0,7.0,0.0
18845.0,7.0,0.0
18846.0,7.0,2.0
18847.0,7.0,2.0
18848.0,7.0,0.0
18849.0,7.0,0.0
18850.0,7.0,0.0
18851.0,7.0,0.0
18852.0,7.0,0.0
18853.0,7.0,0.0
18854.0,7.0,2.0
18855.0,7.0,0.0
18856.0,7.0,2.0
18857.0,7.0,0.0
18858.0,7.0,0.0
18859.0,7.0,0.0
18860.0,7.0,0.0
18861.0,7.0,0.0
18862.0,7.0,0.0
18863.0,7.0,2.0
18864.0,7.0,0.0
18865.0,7.0,0.0
18866.0,7.0,0.0
18867.0,7.0,0.0
18868.0,7.0,2.0
18869.0,7.0,0.0
18870.0,7.0,2.0
18871.0,7.0,0.0
18872.0,7.0,0.0
18873.0,7.0,0.0
18874.0,7.0,0.0
18875.0,7.0,0.0
18876.0,7.0,0.0
18877.0,7.0,0.0
18878.0,7.0,2.0
18879.0,7.0,0.0
18880.0,7.0,0.0
18881.0,7.0,0.0
18882.0,7.0,0.0
18883.0,7.0,0.0
18884.0,7.0,2.0
18885.0,7.0,2.0
18886.0,7.0,0.0
18887.0,7.0,2.0
18888.0,7.0,0.0
18889.0,7.0,0.0
18890.0,7.0,1.0
18891.0,7.0,0.0
18892.0,7.0,0.0
18893.0,7.0,2.0
18894.0,7.0,0.0
18895.0,7.0,0.0
18896.0,7.0,2.0
18897.0,7.0,2.0
18898.0,7.0,0.0
18899.0,7.0,0.0
18900.0,7.0,2.0
18901.0,7.0,2.0
18902.0,7.0,0.0
18903.0,7.0,2.0
18904.0,7.0,0.0
18905.0,7.0,0.0
18906.0,7.0,0.0
18907.0,7.0,2.0
18908.0,7.0,0.0
18909.0,7.0,0.0
18910.0,7.0,0.0
18911.0,7.0,1.0
18912.0,7.0,2.0
18913.0,7.0,2.0
18914.0,7.0,0.0
18915.0,7.0,0.0
18916.0,7.0,0.0
18917.0,7.0,0.0
18918.0,7.0,0.0
18919.0,7.0,0.0
18920.0,7.0,2.0
18921.0,7.0,2.0
18922.0,7.0,0.0
18923.0,7.0,0.0
18924.0,7.0,0.0
18925.0,7.0,0.0
18926.0,7.0,0.0
18927.0,7.0,2.0
18928.0,7.0,0.0
18929.0,7.0,0.0
18930.0,7.0,0.0
18931.0,7.0,0.0
18932.0,7.0,0.0
18933.0,7.0,0.0
18934.0,7.0,0.0
18935.0,7.0,0.0
18936.0,7.0,0.0
18937.0,7.0,0.0
18938.0,7.0,1.0
18939.0,7.0,0.0
18940.0,7.0,2.0
18941.0,7.0,0.0
18942.0,7.0,0.0
18943.0,7.0,0.0
18944.0,7.0,0.0
18945.0,7.0,0.0
18946.0,7.0,2.0
18947.0,7.0,0.0
18948.0,7.0,0.0
18949.0,7.0,2.0
18950.0,7.0,0.0
18951.0,7.0,0.0
18952.0,7.0,0.0
18953.0,7.0,0.0
18954.0,7.0,1.0
18955.0,7.0,0.0
18956.0,7.0,0.0
18957.0,7.0,0.0
18958.0,7.0,0.0
18959.0,7.0,0.0
18960.0,7.0,0.0
18961.0,7.0,2.0
18962.0,7.0,0.0
18963.0,7.0,2.0
18964.0,7.0,2.0
18965.0,7.0,2.0
18966.0,7.0,2.0
18967.0,7.0,0.0
18968.0,7.0,0.0
18969.0,7.0,0.0
18970.0,7.0,0.0
18971.0,7.0,0.0
18972.0,7.0,0.0
18973.0,7.0,0.0
18974.0,7.0,0.0
18975.0,7.0,2.0
18976.0,7.0,0.0
18977.0,7.0,0.0
18978.0,7.0,2.0
18979.0,7.0,2.0
18980.0,7.0,2.0
18981.0,7.0,0.0
18982.0,7.0,0.0
18983.0,7.0,0.0
18984.0,7.0,0.0
18985.0,7.0,2.0
18986.0,7.0,0.0
18987.0,7.0,1.0
18988.0,7.0,0.0
18989.0,7.0,0.0
18990.0,7.0,2.0
18991.0,7.0,0.0
18992.0,7.0,0.0
18993.0,7.0,0.0
18994.0,7.0,0.0
18995.0,7.0,0.0
18996.0,7.0,0.0
18997.0,7.0,0.0
18998.0,7.0,0.0
18999.0,7.0,0.0
19000.0,7.0,2.0
19001.0,7.0,2.0
19002.0,7.0,0.0
19003.0,7.0,2.0
19004.0,7.0,0.0
19005.0,7.0,0.0
19006.0,7.0,0.0
19007.0,7.0,0.0
19008.0,7.0,2.0
19009.0,7.0,0.0
19010.0,7.0,0.0
19011.0,7.0,0.0
19012.0,7.0,0.0
19013.0,7.0,0.0
19014.0,7.0,0.0
19015.0,7.0,2.0
19016.0,7.0,0.0
19017.0,7.0,2.0
19018.0,7.0,0.0
19019.0,7.0,0.0
19020.0,7.0,0.0
19021.0,7.0,0.0
19022.0,7.0,2.0
19023.0,7.0,0.0
19024.0,7.0,0.0
19025.0,7.0,0.0
19026.0,7.0,0.0
19027.0,7.0,0.0
19028.0,7.0,0.0
19029.0,7.0,0.0
19030.0,7.0,0.0
19031.0,7.0,0.0
19032.0,7.0,2.0
19033.0,7.0,0.0
19034.0,7.0,2.0
19035.0,7.0,2.0
19036.0,7.0,2.0
19037.0,7.0,0.0
19038.0,7.0,0.0
19039.0,7.0,2.0
19040.0,7.0,2.0
19041.0,7.0,0.0
19042.0,7.0,0.0
19043.0,7.0,0.0
19044.0,7.0,0.0
19045.0,7.0,0.0
19046.0,7.0,2.0
19047.0,7.0,0.0
19048.0,7.0,0.0
19049.0,7.0,1.0
19050.0,7.0,0.0
19051.0,7.0,2.0
19052.0,7.0,0.0
19053.0,7.0,0.0
19054.0,7.0,0.0
19055.0,7.0,0.0
19056.0,7.0,0.0
19057.0,7.0,0.0
19058.0,7.0,0.0
19059.0,7.0,0.0
19060.0,7.0,0.0
19061.0,7.0,0.0
19062.0,7.0,0.0
19063.0,7.0,2.0
19064.0,7.0,2.0
19065.0,7.0,2.0
19066.0,7.0,0.0
19067.0,7.0,2.0
19068.0,7.0,0.0
19069.0,7.0,0.0
19070.0,7.0,0.0
19071.0,7.0,0.0
19072.0,7.0,0.0
19073.0,7.0,0.0
19074.0,7.0,2.0
19075.0,7.0,0.0
19076.0,7.0,0.0
19077.0,7.0,0.0
19078.0,7.0,2.0
19079.0,7.0,0.0
19080.0,7.0,2.0
19081.0,7.0,2.0
19082.0,7.0,0.0
19083.0,7.0,0.0
19084.0,7.0,2.0
19085.0,7.0,0.0
19086.0,7.0,2.0
19087.0,7.0,0.0
19088.0,7.0,0.0
19089.0,7.0,0.0
19090.0,7.0,0.0
19091.0,7.0,0.0
19092.0,7.0,2.0
19093.0,7.0,0.0
19094.0,7.0,0.0
19095.0,7.0,2.0
19096.0,7.0,0.0
19097.0,7.0,0.0
19098.0,7.0,2.0
19099.0,7.0,2.0
19100.0,7.0,0.0
19101.0,7.0,0.0
19102.0,7.0,0.0
19103.0,7.0,0.0
19104.0,7.0,0.0
19105.0,7.0,0.0
19106.0,7.0,0.0
19107.0,7.0,0.0
19108.0,7.0,0.0
19109.0,7.0,0.0
19110.0,7.0,0.0
19111.0,7.0,2.0
19112.0,7.0,0.0
19113.0,7.0,0.0
19114.0,7.0,0.0
19115.0,7.0,2.0
19116.0,7.0,0.0
19117.0,7.0,0.0
19118.0,7.0,0.0
19119.0,7.0,2.0
19120.0,7.0,2.0
19121.0,7.0,2.0
19122.0,7.0,0.0
19123.0,7.0,0.0
19124.0,7.0,0.0
19125.0,7.0,0.0
19126.0,7.0,0.0
19127.0,7.0,2.0
19128.0,7.0,0.0
19129.0,7.0,0.0
19130.0,7.0,0.0
19131.0,7.0,2.0
19132.0,7.0,2.0
19133.0,7.0,0.0
19134.0,7.0,0.0
19135.0,7.0,0.0
19136.0,7.0,0.0
19137.0,7.0,0.0
19138.0,7.0,2.0
19139.0,7.0,0.0
19140.0,7.0,2.0
19141.0,7.0,2.0
19142.0,7.0,0.0
19143.0,7.0,0.0
19144.0,7.0,0.0
19145.0,7.0,2.0
19146.0,7.0,0.0
19147.0,7.0,0.0
19148.0,7.0,0.0
19149.0,7.0,0.0
19150.0,7.0,0.0
19151.0,7.0,0.0
19152.0,7.0,0.0
19153.0,7.0,0.0
19154.0,7.0,0.0
19155.0,7.0,0.0
19156.0,7.0,2.0
19157.0,7.0,0.0
19158.0,7.0,0.0
19159.0,7.0,0.0
19160.0,7.0,0.0
19161.0,7.0,2.0
19162.0,7.0,2.0
19163.0,7.0,0.0
19164.0,7.0,2.0
19165.0,7.0,2.0
19166.0,7.0,0.0
19167.0,7.0,2.0
19168.0,7.0,0.0
19169.0,7.0,0.0
19170.0,7.0,0.0
19171.0,7.0,0.0
19172.0,7.0,2.0
19173.0,7.0,0.0
19174.0,7.0,0.0
19175.0,7.0,0.0
19176.0,7.0,0.0
19177.0,7.0,0.0
19178.0,7.0,0.0
19179.0,7.0,0.0
19180.0,7.0,0.0
19181.0,7.0,0.0
19182.0,7.0,0.0
19183.0,7.0,0.0
19184.0,7.0,0.0
19185.0,7.0,0.0
19186.0,7.0,2.0
19187.0,7.0,0.0
19188.0,7.0,0.0
19189.0,7.0,0.0
19190.0,7.0,0.0
19191.0,7.0,0.0
19192.0,7.0,0.0
19193.0,7.0,0.0
19194.0,7.0,0.0
19195.0,7.0,2.0
19196.0,7.0,0.0
19197.0,7.0,2.0
19198.0,7.0,2.0
19199.0,7.0,0.0
19200.0,7.0,2.0
19201.0,7.0,2.0
19202.0,7.0,0.0
19203.0,7.0,2.0
19204.0,7.0,0.0
19205.0,7.0,0.0
19206.0,7.0,0.0
19207.0,7.0,0.0
19208.0,7.0,0.0
19209.0,7.0,0.0
19210.0,7.0,0.0
19211.0,7.0,0.0
19212.0,7.0,2.0
19213.0,7.0,0.0
19214.0,7.0,0.0
19215.0,7.0,0.0
19216.0,7.0,0.0
19217.0,7.0,0.0
19218.0,7.0,0.0
19219.0,7.0,0.0
19220.0,7.0,0.0
19221.0,7.0,0.0
19222.0,7.0,0.0
19223.0,7.0,0.0
19224.0,7.0,0.0
19225.0,7.0,1.0
19226.0,7.0,0.0
19227.0,7.0,2.0
19228.0,7.0,0.0
19229.0,7.0,0.0
19230.0,7.0,0.0
19231.0,7.0,0.0
19232.0,7.0,0.0
19233.0,7.0,2.0
19234.0,7.0,0.0
19235.0,7.0,0.0
19236.0,7.0,0.0
19237.0,7.0,2.0
19238.0,7.0,0.0
19239.0,7.0,0.0
19240.0,7.0,0.0
19241.0,7.0,0.0
19242.0,7.0,0.0
19243.0,7.0,0.0
19244.0,7.0,0.0
19245.0,7.0,0.0
19246.0,7.0,0.0
19247.0,7.0,0.0
19248.0,7.0,0.0
19249.0,7.0,1.0
19250.0,7.0,0.0
19251.0,7.0,0.0
19252.0,7.0,2.0
19253.0,7.0,2.0
19254.0,7.0,0.0
19255.0,7.0,2.0
19256.0,7.0,0.0
19257.0,7.0,0.0
19258.0,7.0,2.0
19259.0,7.0,2.0
19260.0,7.0,2.0
19261.0,7.0,0.0
19262.0,7.0,0.0
19263.0,7.0,0.0
19264.0,7.0,0.0
19265.0,7.0,2.0
19266.0,7.0,2.0
19267.0,7.0,0.0
19268.0,7.0,0.0
19269.0,7.0,1.0
19270.0,7.0,2.0
19271.0,7.0,0.0
19272.0,7.0,0.0
19273.0,7.0,0.0
19274.0,7.0,0.0
19275.0,7.0,0.0
19276.0,7.0,0.0
19277.0,7.0,0.0
19278.0,7.0,2.0
19279.0,7.0,0.0
19280.0,7.0,0.0
19281.0,7.0,0.0
19282.0,7.0,0.0
19283.0,7.0,0.0
19284.0,7.0,0.0
19285.0,7.0,0.0
19286.0,7.0,0.0
19287.0,7.0,0.0
19288.0,7.0,2.0
19289.0,7.0,0.0
19290.0,7.0,2.0
19291.0,7.0,0.0
19292.0,7.0,2.0
19293.0,7.0,2.0
19294.0,7.0,0.0
19295.0,7.0,2.0
19296.0,7.0,0.0
19297.0,7.0,0.0
19298.0,7.0,0.0
19299.0,7.0,0.0
19300.0,7.0,0.0
19301.0,7.0,0.0
19302.0,7.0,2.0
19303.0,7.0,2.0
19304.0,7.0,0.0
19305.0,7.0,0.0
19306.0,7.0,0.0
19307.0,7.0,0.0
19308.0,7.0,0.0
19309.0,7.0,0.0
19310.0,7.0,0.0
19311.0,7.0,0.0
19312.0,7.0,2.0
19313.0,7.0,0.0
19314.0,7.0,2.0
19315.0,7.0,0.0
19316.0,7.0,1.0
19317.0,7.0,0.0
19318.0,7.0,2.0
19319.0,7.0,0.0
19320.0,7.0,2.0
19321.0,7.0,0.0
19322.0,7.0,0.0
19323.0,7.0,0.0
19324.0,7.0,0.0
19325.0,7.0,0.0
19326.0,7.0,0.0
19327.0,7.0,0.0
19328.0,7.0,2.0
19329.0,7.0,0.0
19330.0,7.0,0.0
19331.0,7.0,2.0
19332.0,7.0,0.0
19333.0,7.0,0.0
19334.0,7.0,0.0
19335.0,7.0,0.0
19336.0,7.0,2.0
19337.0,7.0,2.0
19338.0,7.0,2.0
19339.0,7.0,0.0
19340.0,7.0,0.0
19341.0,7.0,0.0
19342.0,7.0,0.0
19343.0,7.0,0.0
19344.0,7.0,0.0
19345.0,7.0,2.0
19346.0,7.0,0.0
19347.0,7.0,0.0
19348.0,7.0,2.0
19349.0,7.0,0.0
19350.0,7.0,0.0
19351.0,7.0,1.0
21752.0,8.0,0.0
21753.0,8.0,0.0
21754.0,8.0,2.0
21755.0,8.0,2.0
21756.0,8.0,2.0
21757.0,8.0,1.0
21758.0,8.0,2.0
21759.0,8.0,0.0
21760.0,8.0,2.0
21761.0,8.0,0.0
21762.0,8.0,0.0
21763.0,8.0,0.0
21764.0,8.0,2.0
21765.0,8.0,0.0
21766.0,8.0,0.0
21767.0,8.0,0.0
21768.0,8.0,0.0
21769.0,8.0,0.0
21770.0,8.0,0.0
21771.0,8.0,0.0
21772.0,8.0,2.0
21773.0,8.0,2.0
21774.0,8.0,2.0
21775.0,8.0,0.0
21776.0,8.0,0.0
21777.0,8.0,1.0
21778.0,8.0,2.0
21779.0,8.0,1.0
21780.0,8.0,2.0
21781.0,8.0,1.0
21782.0,8.0,0.0
21783.0,8.0,2.0
21784.0,8.0,0.0
21785.0,8.0,0.0
21786.0,8.0,2.0
21787.0,8.0,2.0
21788.0,8.0,1.0
21789.0,8.0,0.0
21790.0,8.0,2.0
21791.0,8.0,0.0
21792.0,8.0,2.0
21793.0,8.0,0.0
21794.0,8.0,2.0
21795.0,8.0,2.0
21796.0,8.0,2.0
21797.0,8.0,0.0
21798.0,8.0,0.0
21799.0,8.0,2.0
21800.0,8.0,0.0
21801.0,8.0,0.0
21802.0,8.0,0.0
21803.0,8.0,2.0
21804.0,8.0,2.0
21805.0,8.0,2.0
21806.0,8.0,2.0
21807.0,8.0,0.0
21808.0,8.0,2.0
21809.0,8.0,0.0
21810.0,8.0,2.0
21811.0,8.0,2.0
21812.0,8.0,0.0
21813.0,8.0,0.0
21814.0,8.0,2.0
21815.0,8.0,2.0
21816.0,8.0,0.0
21817.0,8.0,2.0
21818.0,8.0,2.0
21819.0,8.0,0.0
21820.0,8.0,0.0
21821.0,8.0,0.0
21822.0,8.0,0.0
21823.0,8.0,0.0
21824.0,8.0,1.0
21825.0,8.0,2.0
21826.0,8.0,2.0
21827.0,8.0,0.0
21828.0,8.0,0.0
21829.0,8.0,0.0
21830.0,8.0,2.0
21831.0,8.0,0.0
21832.0,8.0,0.0
21833.0,8.0,0.0
21834.0,8.0,1.0
21835.0,8.0,2.0
21836.0,8.0,0.0
21837.0,8.0,0.0
21838.0,8.0,2.0
21839.0,8.0,0.0
21840.0,8.0,2.0
21841.0,8.0,2.0
21842.0,8.0,0.0
21843.0,8.0,0.0
21844.0,8.0,2.0
21845.0,8.0,2.0
21846.0,8.0,2.0
21847.0,8.0,2.0
21848.0,8.0,2.0
21849.0,8.0,2.0
21850.0,8.0,2.0
21851.0,8.0,0.0
21852.0,8.0,0.0
21853.0,8.0,2.0
21854.0,8.0,0.0
21855.0,8.0,2.0
21856.0,8.0,2.0
21857.0,8.0,0.0
21858.0,8.0,0.0
21859.0,8.0,1.0
21860.0,8.0,0.0
21861.0,8.0,2.0
21862.0,8.0,2.0
21863.0,8.0,0.0
21864.0,8.0,2.0
21865.0,8.0,0.0
21866.0,8.0,2.0
21867.0,8.0,2.0
21868.0,8.0,0.0
21869.0,8.0,0.0
21870.0,8.0,0.0
21871.0,8.0,2.0
21872.0,8.0,0.0
21873.0,8.0,1.0
21874.0,8.0,0.0
21875.0,8.0,2.0
21876.0,8.0,0.0
21877.0,8.0,1.0
21878.0,8.0,1.0
21879.0,8.0,0.0
21880.0,8.0,0.0
21881.0,8.0,2.0
21882.0,8.0,0.0
21883.0,8.0,1.0
21884.0,8.0,2.0
21885.0,8.0,2.0
21886.0,8.0,2.0
21887.0,8.0,2.0
21888.0,8.0,0.0
21889.0,8.0,0.0
21890.0,8.0,1.0
21891.0,8.0,2.0
21892.0,8.0,1.0
21893.0,8.0,0.0
21894.0,8.0,0.0
21895.0,8.0,0.0
21896.0,8.0,2.0
21897.0,8.0,2.0
21898.0,8.0,0.0
21899.0,8.0,2.0
21900.0,8.0,0.0
21901.0,8.0,2.0
21902.0,8.0,1.0
21903.0,8.0,0.0
21904.0,8.0,0.0
21905.0,8.0,2.0
21906.0,8.0,2.0
21907.0,8.0,0.0
21908.0,8.0,1.0
21909.0,8.0,0.0
21910.0,8.0,0.0
21911.0,8.0,0.0
21912.0,8.0,0.0
21913.0,8.0,0.0
21914.0,8.0,0.0
21915.0,8.0,2.0
21916.0,8.0,0.0
21917.0,8.0,0.0
21918.0,8.0,0.0
21919.0,8.0,0.0
21920.0,8.0,0.0
21921.0,8.0,2.0
21922.0,8.0,2.0
21923.0,8.0,0.0
21924.0,8.0,2.0
21925.0,8.0,2.0
21926.0,8.0,2.0
21927.0,8.0,2.0
21928.0,8.0,2.0
21929.0,8.0,0.0
21930.0,8.0,2.0
21931.0,8.0,0.0
21932.0,8.0,0.0
21933.0,8.0,0.0
21934.0,8.0,0.0
21935.0,8.0,0.0
21936.0,8.0,0.0
21937.0,8.0,0.0
21938.0,8.0,2.0
21939.0,8.0,0.0
21940.0,8.0,2.0
21941.0,8.0,0.0
21942.0,8.0,0.0
21943.0,8.0,0.0
21944.0,8.0,2.0
21945.0,8.0,0.0
21946.0,8.0,2.0
21947.0,8.0,0.0
21948.0,8.0,0.0
21949.0,8.0,0.0
21950.0,8.0,2.0
21951.0,8.0,1.0
21952.0,8.0,0.0
21953.0,8.0,2.0
21954.0,8.0,2.0
21955.0,8.0,0.0
21956.0,8.0,0.0
21957.0,8.0,0.0
21958.0,8.0,0.0
21959.0,8.0,0.0
21960.0,8.0,0.0
21961.0,8.0,0.0
21962.0,8.0,0.0
21963.0,8.0,0.0
21964.0,8.0,0.0
21965.0,8.0,0.0
21966.0,8.0,1.0
21967.0,8.0,0.0
21968.0,8.0,0.0
21969.0,8.0,0.0
21970.0,8.0,1.0
21971.0,8.0,0.0
21972.0,8.0,0.0
21973.0,8.0,0.0
21974.0,8.0,0.0
21975.0,8.0,0.0
21976.0,8.0,2.0
21977.0,8.0,2.0
21978.0,8.0,2.0
21979.0,8.0,0.0
21980.0,8.0,2.0
21981.0,8.0,2.0
21982.0,8.0,2.0
21983.0,8.0,2.0
21984.0,8.0,1.0
21985.0,8.0,0.0
21986.0,8.0,2.0
21987.0,8.0,1.0
21988.0,8.0,2.0
21989.0,8.0,0.0
21990.0,8.0,1.0
21991.0,8.0,0.0
21992.0,8.0,2.0
21993.0,8.0,2.0
21994.0,8.0,0.0
21995.0,8.0,2.0
21996.0,8.0,2.0
21997.0,8.0,2.0
21998.0,8.0,2.0
21999.0,8.0,2.0
22000.0,8.0,2.0
22001.0,8.0,2.0
22002.0,8.0,2.0
22003.0,8.0,0.0
22004.0,8.0,2.0
22005.0,8.0,2.0
22006.0,8.0,2.0
22007.0,8.0,2.0
22008.0,8.0,0.0
22009.0,8.0,2.0
22010.0,8.0,2.0
22011.0,8.0,0.0
22012.0,8.0,2.0
22013.0,8.0,2.0
22014.0,8.0,2.0
22015.0,8.0,2.0
22016.0,8.0,2.0
22017.0,8.0,2.0
22018.0,8.0,2.0
22019.0,8.0,2.0
22020.0,8.0,2.0
22021.0,8.0,0.0
22022.0,8.0,0.0
22023.0,8.0,0.0
22024.0,8.0,0.0
22025.0,8.0,2.0
22026.0,8.0,2.0
22027.0,8.0,2.0
22028.0,8.0,1.0
22029.0,8.0,2.0
22030.0,8.0,2.0
22031.0,8.0,0.0
22032.0,8.0,2.0
22033.0,8.0,0.0
22034.0,8.0,2.0
22035.0,8.0,2.0
22036.0,8.0,0.0
22037.0,8.0,1.0
22038.0,8.0,0.0
22039.0,8.0,0.0
22040.0,8.0,0.0
22041.0,8.0,2.0
22042.0,8.0,2.0
22043.0,8.0,2.0
22044.0,8.0,0.0
22045.0,8.0,0.0
22046.0,8.0,0.0
22047.0,8.0,0.0
22048.0,8.0,2.0
22049.0,8.0,0.0
22050.0,8.0,2.0
22051.0,8.0,2.0
22052.0,8.0,2.0
22053.0,8.0,2.0
22054.0,8.0,2.0
22055.0,8.0,2.0
22056.0,8.0,0.0
22057.0,8.0,0.0
22058.0,8.0,0.0
22059.0,8.0,0.0
22060.0,8.0,2.0
22061.0,8.0,0.0
22062.0,8.0,2.0
22063.0,8.0,1.0
22064.0,8.0,2.0
22065.0,8.0,0.0
22066.0,8.0,0.0
22067.0,8.0,2.0
22068.0,8.0,2.0
22069.0,8.0,1.0
22070.0,8.0,0.0
22071.0,8.0,2.0
22072.0,8.0,2.0
22073.0,8.0,0.0
22074.0,8.0,0.0
22075.0,8.0,0.0
22076.0,8.0,0.0
22077.0,8.0,1.0
22078.0,8.0,0.0
22079.0,8.0,0.0
22080.0,8.0,2.0
22081.0,8.0,0.0
22082.0,8.0,1.0
22083.0,8.0,1.0
22084.0,8.0,0.0
22085.0,8.0,0.0
22086.0,8.0,2.0
22087.0,8.0,0.0
22088.0,8.0,2.0
22089.0,8.0,2.0
22090.0,8.0,2.0
22091.0,8.0,2.0
22092.0,8.0,0.0
22093.0,8.0,2.0
22094.0,8.0,2.0
22095.0,8.0,0.0
22096.0,8.0,2.0
22097.0,8.0,2.0
22098.0,8.0,0.0
22099.0,8.0,2.0
22100.0,8.0,1.0
22101.0,8.0,0.0
22102.0,8.0,2.0
22103.0,8.0,0.0
22104.0,8.0,2.0
22105.0,8.0,2.0
22106.0,8.0,2.0
22107.0,8.0,2.0
22108.0,8.0,2.0
22109.0,8.0,0.0
22110.0,8.0,1.0
22111.0,8.0,2.0
22112.0,8.0,0.0
22113.0,8.0,2.0
22114.0,8.0,2.0
22115.0,8.0,2.0
22116.0,8.0,0.0
22117.0,8.0,2.0
22118.0,8.0,2.0
22119.0,8.0,2.0
22120.0,8.0,2.0
22121.0,8.0,2.0
22122.0,8.0,2.0
22123.0,8.0,2.0
22124.0,8.0,0.0
22125.0,8.0,0.0
22126.0,8.0,2.0
22127.0,8.0,2.0
22128.0,8.0,0.0
22129.0,8.0,0.0
22130.0,8.0,2.0
22131.0,8.0,1.0
22132.0,8.0,2.0
22133.0,8.0,2.0
22134.0,8.0,0.0
22135.0,8.0,2.0
22136.0,8.0,2.0
22137.0,8.0,2.0
22138.0,8.0,2.0
22139.0,8.0,0.0
22140.0,8.0,0.0
22141.0,8.0,2.0
22142.0,8.0,2.0
22143.0,8.0,2.0
22144.0,8.0,0.0
22145.0,8.0,0.0
22146.0,8.0,0.0
22147.0,8.0,0.0
22148.0,8.0,2.0
22149.0,8.0,2.0
22150.0,8.0,0.0
22151.0,8.0,2.0
22152.0,8.0,2.0
22153.0,8.0,0.0
22154.0,8.0,0.0
22155.0,8.0,2.0
22156.0,8.0,0.0
22157.0,8.0,0.0
22158.0,8.0,2.0
22159.0,8.0,2.0
22160.0,8.0,0.0
22161.0,8.0,2.0
22162.0,8.0,2.0
22163.0,8.0,2.0
22164.0,8.0,0.0
22165.0,8.0,0.0
22166.0,8.0,0.0
22167.0,8.0,1.0
22168.0,8.0,0.0
22169.0,8.0,2.0
22170.0,8.0,2.0
22171.0,8.0,0.0
22172.0,8.0,0.0
22173.0,8.0,1.0
22174.0,8.0,2.0
22175.0,8.0,1.0
22176.0,8.0,0.0
22177.0,8.0,2.0
22178.0,8.0,2.0
22179.0,8.0,1.0
22180.0,8.0,0.0
22181.0,8.0,0.0
22182.0,8.0,2.0
22183.0,8.0,2.0
22184.0,8.0,2.0
22185.0,8.0,2.0
22186.0,8.0,2.0
22187.0,8.0,2.0
22188.0,8.0,0.0
22189.0,8.0,2.0
22190.0,8.0,0.0
22191.0,8.0,2.0
22192.0,8.0,2.0
22193.0,8.0,0.0
22194.0,8.0,2.0
22195.0,8.0,0.0
22196.0,8.0,2.0
22197.0,8.0,0.0
22198.0,8.0,0.0
22199.0,8.0,2.0
22200.0,8.0,2.0
22201.0,8.0,0.0
22202.0,8.0,0.0
22203.0,8.0,2.0
22204.0,8.0,2.0
22205.0,8.0,1.0
22206.0,8.0,0.0
22207.0,8.0,1.0
22208.0,8.0,1.0
22209.0,8.0,2.0
22210.0,8.0,0.0
22211.0,8.0,2.0
22212.0,8.0,2.0
22213.0,8.0,1.0
22214.0,8.0,2.0
22215.0,8.0,2.0
22216.0,8.0,0.0
22217.0,8.0,1.0
22218.0,8.0,0.0
22219.0,8.0,2.0
22220.0,8.0,0.0
22221.0,8.0,0.0
22222.0,8.0,0.0
22223.0,8.0,2.0
22224.0,8.0,2.0
22225.0,8.0,2.0
22226.0,8.0,2.0
22227.0,8.0,0.0
22228.0,8.0,0.0
22229.0,8.0,0.0
22230.0,8.0,1.0
22231.0,8.0,0.0
22232.0,8.0,0.0
22233.0,8.0,2.0
22234.0,8.0,1.0
22235.0,8.0,2.0
22236.0,8.0,0.0
22237.0,8.0,2.0
22238.0,8.0,2.0
22239.0,8.0,0.0
22240.0,8.0,0.0
22241.0,8.0,0.0
22242.0,8.0,0.0
22243.0,8.0,0.0
22244.0,8.0,0.0
22245.0,8.0,2.0
22246.0,8.0,0.0
22247.0,8.0,2.0
22248.0,8.0,1.0
22249.0,8.0,2.0
22250.0,8.0,2.0
22251.0,8.0,2.0
22252.0,8.0,0.0
22253.0,8.0,2.0
22254.0,8.0,2.0
22255.0,8.0,0.0
22256.0,8.0,0.0
22257.0,8.0,2.0
22258.0,8.0,0.0
22259.0,8.0,2.0
22260.0,8.0,0.0
22261.0,8.0,1.0
22262.0,8.0,1.0
22263.0,8.0,2.0
22264.0,8.0,0.0
22265.0,8.0,1.0
22266.0,8.0,0.0
22267.0,8.0,2.0
22268.0,8.0,0.0
22269.0,8.0,2.0
22270.0,8.0,0.0
22271.0,8.0,1.0
22272.0,8.0,2.0
22273.0,8.0,2.0
22274.0,8.0,2.0
22275.0,8.0,0.0
22276.0,8.0,0.0
22277.0,8.0,0.0
22278.0,8.0,2.0
22279.0,8.0,2.0
22280.0,8.0,0.0
22281.0,8.0,2.0
22282.0,8.0,0.0
22283.0,8.0,2.0
22284.0,8.0,0.0
22285.0,8.0,2.0
22286.0,8.0,0.0
22287.0,8.0,1.0
22288.0,8.0,0.0
22289.0,8.0,1.0
22290.0,8.0,1.0
22291.0,8.0,1.0
22292.0,8.0,1.0
22293.0,8.0,0.0
22294.0,8.0,0.0
22295.0,8.0,1.0
22296.0,8.0,2.0
22297.0,8.0,0.0
22298.0,8.0,0.0
22299.0,8.0,2.0
22300.0,8.0,2.0
22301.0,8.0,2.0
22302.0,8.0,2.0
22303.0,8.0,0.0
22304.0,8.0,2.0
22305.0,8.0,1.0
22306.0,8.0,0.0
22307.0,8.0,0.0
22308.0,8.0,2.0
22309.0,8.0,2.0
22310.0,8.0,2.0
22311.0,8.0,0.0
22312.0,8.0,2.0
22313.0,8.0,0.0
22314.0,8.0,2.0
22315.0,8.0,2.0
22316.0,8.0,0.0
22317.0,8.0,2.0
22318.0,8.0,2.0
22319.0,8.0,0.0
22320.0,8.0,2.0
22321.0,8.0,1.0
22322.0,8.0,0.0
22323.0,8.0,2.0
22324.0,8.0,1.0
22325.0,8.0,0.0
22326.0,8.0,0.0
22327.0,8.0,0.0
22328.0,8.0,1.0
22329.0,8.0,0.0
22330.0,8.0,2.0
22331.0,8.0,0.0
22332.0,8.0,0.0
22333.0,8.0,0.0
22334.0,8.0,0.0
22335.0,8.0,0.0
22336.0,8.0,2.0
22337.0,8.0,0.0
22338.0,8.0,2.0
22339.0,8.0,0.0
22340.0,8.0,0.0
22341.0,8.0,2.0
22342.0,8.0,2.0
22343.0,8.0,0.0
22344.0,8.0,0.0
22345.0,8.0,0.0
22346.0,8.0,0.0
22347.0,8.0,2.0
22348.0,8.0,0.0
22349.0,8.0,2.0
22350.0,8.0,2.0
24750.0,9.0,0.0
24751.0,9.0,2.0
24752.0,9.0,1.0
24753.0,9.0,1.0
24754.0,9.0,1.0
24755.0,9.0,2.0
24756.0,9.0,1.0
24757.0,9.0,2.0
24758.0,9.0,0.0
24759.0,9.0,2.0
24760.0,9.0,1.0
24761.0,9.0,0.0
24762.0,9.0,0.0
24763.0,9.0,0.0
24764.0,9.0,2.0
24765.0,9.0,0.0
24766.0,9.0,1.0
24767.0,9.0,2.0
24768.0,9.0,1.0
24769.0,9.0,1.0
24770.0,9.0,2.0
24771.0,9.0,1.0
24772.0,9.0,0.0
24773.0,9.0,1.0
24774.0,9.0,2.0
24775.0,9.0,0.0
24776.0,9.0,0.0
24777.0,9.0,2.0
24778.0,9.0,1.0
24779.0,9.0,2.0
24780.0,9.0,2.0
24781.0,9.0,1.0
24782.0,9.0,2.0
24783.0,9.0,2.0
24784.0,9.0,0.0
24785.0,9.0,1.0
24786.0,9.0,2.0
24787.0,9.0,2.0
24788.0,9.0,1.0
24789.0,9.0,1.0
24790.0,9.0,2.0
24791.0,9.0,2.0
24792.0,9.0,1.0
24793.0,9.0,1.0
24794.0,9.0,1.0
24795.0,9.0,1.0
24796.0,9.0,2.0
24797.0,9.0,0.0
24798.0,9.0,1.0
24799.0,9.0,2.0
24800.0,9.0,2.0
24801.0,9.0,2.0
24802.0,9.0,1.0
24803.0,9.0,0.0
24804.0,9.0,1.0
24805.0,9.0,0.0
24806.0,9.0,2.0
24807.0,9.0,1.0
24808.0,9.0,0.0
24809.0,9.0,0.0
24810.0,9.0,2.0
24811.0,9.0,0.0
24812.0,9.0,1.0
24813.0,9.0,2.0
24814.0,9.0,2.0
24815.0,9.0,2.0
24816.0,9.0,1.0
24817.0,9.0,2.0
24818.0,9.0,1.0
24819.0,9.0,0.0
24820.0,9.0,1.0
24821.0,9.0,2.0
24822.0,9.0,0.0
24823.0,9.0,2.0
24824.0,9.0,2.0
24825.0,9.0,1.0
24826.0,9.0,0.0
24827.0,9.0,0.0
24828.0,9.0,1.0
24829.0,9.0,2.0
24830.0,9.0,1.0
24831.0,9.0,2.0
24832.0,9.0,2.0
24833.0,9.0,1.0
24834.0,9.0,2.0
24835.0,9.0,0.0
24836.0,9.0,0.0
24837.0,9.0,1.0
24838.0,9.0,0.0
24839.0,9.0,1.0
24840.0,9.0,1.0
24841.0,9.0,1.0
24842.0,9.0,0.0
24843.0,9.0,2.0
24844.0,9.0,2.0
24845.0,9.0,2.0
24846.0,9.0,1.0
24847.0,9.0,1.0
24848.0,9.0,0.0
24849.0,9.0,2.0
24850.0,9.0,2.0
24851.0,9.0,1.0
24852.0,9.0,0.0
24853.0,9.0,1.0
24854.0,9.0,0.0
24855.0,9.0,0.0
24856.0,9.0,1.0
24857.0,9.0,0.0
24858.0,9.0,0.0
24859.0,9.0,0.0
24860.0,9.0,0.0
24861.0,9.0,2.0
24862.0,9.0,2.0
24863.0,9.0,1.0
24864.0,9.0,2.0
24865.0,9.0,1.0
24866.0,9.0,1.0
24867.0,9.0,1.0
24868.0,9.0,2.0
24869.0,9.0,1.0
24870.0,9.0,2.0
24871.0,9.0,0.0
24872.0,9.0,1.0
24873.0,9.0,1.0
24874.0,9.0,1.0
24875.0,9.0,1.0
24876.0,9.0,2.0
24877.0,9.0,2.0
24878.0,9.0,2.0
24879.0,9.0,2.0
24880.0,9.0,1.0
24881.0,9.0,0.0
24882.0,9.0,0.0
24883.0,9.0,2.0
24884.0,9.0,1.0
24885.0,9.0,0.0
24886.0,9.0,0.0
24887.0,9.0,2.0
24888.0,9.0,1.0
24889.0,9.0,0.0
24890.0,9.0,1.0
24891.0,9.0,1.0
24892.0,9.0,2.0
24893.0,9.0,1.0
24894.0,9.0,1.0
24895.0,9.0,2.0
24896.0,9.0,0.0
24897.0,9.0,1.0
24898.0,9.0,1.0
24899.0,9.0,0.0
24900.0,9.0,1.0
24901.0,9.0,1.0
24902.0,9.0,0.0
24903.0,9.0,0.0
24904.0,9.0,2.0
24905.0,9.0,2.0
24906.0,9.0,0.0
24907.0,9.0,0.0
24908.0,9.0,1.0
24909.0,9.0,0.0
24910.0,9.0,2.0
24911.0,9.0,1.0
24912.0,9.0,0.0
24913.0,9.0,1.0
24914.0,9.0,1.0
24915.0,9.0,1.0
24916.0,9.0,2.0
24917.0,9.0,0.0
24918.0,9.0,1.0
24919.0,9.0,0.0
24920.0,9.0,2.0
24921.0,9.0,0.0
24922.0,9.0,0.0
24923.0,9.0,2.0
24924.0,9.0,2.0
24925.0,9.0,2.0
24926.0,9.0,1.0
24927.0,9.0,1.0
24928.0,9.0,1.0
24929.0,9.0,2.0
24930.0,9.0,2.0
24931.0,9.0,1.0
24932.0,9.0,0.0
24933.0,9.0,2.0
24934.0,9.0,1.0
24935.0,9.0,1.0
24936.0,9.0,2.0
24937.0,9.0,1.0
24938.0,9.0,2.0
24939.0,9.0,1.0
24940.0,9.0,1.0
24941.0,9.0,1.0
24942.0,9.0,2.0
24943.0,9.0,1.0
24944.0,9.0,1.0
24945.0,9.0,1.0
24946.0,9.0,2.0
24947.0,9.0,1.0
24948.0,9.0,1.0
24949.0,9.0,0.0
24950.0,9.0,2.0
24951.0,9.0,2.0
24952.0,9.0,1.0
24953.0,9.0,1.0
24954.0,9.0,1.0
24955.0,9.0,2.0
24956.0,9.0,1.0
24957.0,9.0,2.0
24958.0,9.0,1.0
24959.0,9.0,1.0
24960.0,9.0,1.0
24961.0,9.0,1.0
24962.0,9.0,1.0
24963.0,9.0,1.0
24964.0,9.0,2.0
24965.0,9.0,2.0
24966.0,9.0,0.0
24967.0,9.0,2.0
24968.0,9.0,1.0
24969.0,9.0,1.0
24970.0,9.0,1.0
24971.0,9.0,1.0
24972.0,9.0,1.0
24973.0,9.0,0.0
24974.0,9.0,2.0
24975.0,9.0,0.0
24976.0,9.0,1.0
24977.0,9.0,2.0
24978.0,9.0,0.0
24979.0,9.0,2.0
24980.0,9.0,1.0
24981.0,9.0,1.0
24982.0,9.0,1.0
24983.0,9.0,1.0
24984.0,9.0,2.0
24985.0,9.0,2.0
24986.0,9.0,2.0
24987.0,9.0,1.0
24988.0,9.0,1.0
24989.0,9.0,2.0
24990.0,9.0,2.0
24991.0,9.0,1.0
24992.0,9.0,2.0
24993.0,9.0,0.0
24994.0,9.0,2.0
24995.0,9.0,2.0
24996.0,9.0,1.0
24997.0,9.0,1.0
24998.0,9.0,1.0
24999.0,9.0,1.0
25000.0,9.0,2.0
25001.0,9.0,0.0
25002.0,9.0,1.0
25003.0,9.0,0.0
25004.0,9.0,2.0
25005.0,9.0,0.0
25006.0,9.0,2.0
25007.0,9.0,1.0
25008.0,9.0,1.0
25009.0,9.0,2.0
25010.0,9.0,1.0
25011.0,9.0,1.0
25012.0,9.0,2.0
25013.0,9.0,0.0
25014.0,9.0,1.0
25015.0,9.0,2.0
25016.0,9.0,2.0
25017.0,9.0,0.0
25018.0,9.0,2.0
25019.0,9.0,1.0
25020.0,9.0,1.0
25021.0,9.0,1.0
25022.0,9.0,1.0
25023.0,9.0,0.0
25024.0,9.0,2.0
25025.0,9.0,2.0
25026.0,9.0,2.0
25027.0,9.0,0.0
25028.0,9.0,1.0
25029.0,9.0,2.0
25030.0,9.0,1.0
25031.0,9.0,1.0
25032.0,9.0,0.0
25033.0,9.0,2.0
25034.0,9.0,1.0
25035.0,9.0,2.0
25036.0,9.0,0.0
25037.0,9.0,2.0
25038.0,9.0,1.0
25039.0,9.0,2.0
25040.0,9.0,2.0
25041.0,9.0,1.0
25042.0,9.0,1.0
25043.0,9.0,1.0
25044.0,9.0,1.0
25045.0,9.0,0.0
25046.0,9.0,2.0
25047.0,9.0,2.0
25048.0,9.0,1.0
25049.0,9.0,1.0
25050.0,9.0,0.0
25051.0,9.0,1.0
25052.0,9.0,1.0
25053.0,9.0,2.0
25054.0,9.0,2.0
25055.0,9.0,1.0
25056.0,9.0,0.0
25057.0,9.0,1.0
25058.0,9.0,1.0
25059.0,9.0,0.0
25060.0,9.0,1.0
25061.0,9.0,2.0
25062.0,9.0,1.0
25063.0,9.0,1.0
25064.0,9.0,2.0
25065.0,9.0,1.0
25066.0,9.0,0.0
25067.0,9.0,1.0
25068.0,9.0,0.0
25069.0,9.0,2.0
25070.0,9.0,1.0
25071.0,9.0,0.0
25072.0,9.0,0.0
25073.0,9.0,1.0
25074.0,9.0,1.0
25075.0,9.0,2.0
25076.0,9.0,1.0
25077.0,9.0,2.0
25078.0,9.0,0.0
25079.0,9.0,2.0
25080.0,9.0,0.0
25081.0,9.0,2.0
25082.0,9.0,0.0
25083.0,9.0,1.0
25084.0,9.0,1.0
25085.0,9.0,0.0
25086.0,9.0,0.0
25087.0,9.0,2.0
25088.0,9.0,1.0
25089.0,9.0,1.0
25090.0,9.0,1.0
25091.0,9.0,1.0
25092.0,9.0,2.0
25093.0,9.0,1.0
25094.0,9.0,1.0
25095.0,9.0,1.0
25096.0,9.0,1.0
25097.0,9.0,1.0
25098.0,9.0,1.0
25099.0,9.0,2.0
25100.0,9.0,2.0
25101.0,9.0,2.0
25102.0,9.0,2.0
25103.0,9.0,0.0
25104.0,9.0,2.0
25105.0,9.0,2.0
25106.0,9.0,0.0
25107.0,9.0,0.0
25108.0,9.0,1.0
25109.0,9.0,2.0
25110.0,9.0,2.0
25111.0,9.0,0.0
25112.0,9.0,1.0
25113.0,9.0,1.0
25114.0,9.0,2.0
25115.0,9.0,2.0
25116.0,9.0,0.0
25117.0,9.0,0.0
25118.0,9.0,0.0
25119.0,9.0,2.0
25120.0,9.0,0.0
25121.0,9.0,2.0
25122.0,9.0,1.0
25123.0,9.0,2.0
25124.0,9.0,1.0
25125.0,9.0,1.0
25126.0,9.0,1.0
25127.0,9.0,2.0
25128.0,9.0,1.0
25129.0,9.0,1.0
25130.0,9.0,1.0
25131.0,9.0,1.0
25132.0,9.0,0.0
25133.0,9.0,2.0
25134.0,9.0,1.0
25135.0,9.0,0.0
25136.0,9.0,1.0
25137.0,9.0,2.0
25138.0,9.0,2.0
25139.0,9.0,2.0
25140.0,9.0,2.0
25141.0,9.0,0.0
25142.0,9.0,1.0
25143.0,9.0,0.0
25144.0,9.0,0.0
25145.0,9.0,1.0
25146.0,9.0,0.0
25147.0,9.0,2.0
25148.0,9.0,1.0
25149.0,9.0,2.0
25150.0,9.0,1.0
25151.0,9.0,1.0
25152.0,9.0,2.0
25153.0,9.0,1.0
25154.0,9.0,0.0
25155.0,9.0,1.0
25156.0,9.0,2.0
25157.0,9.0,1.0
25158.0,9.0,2.0
25159.0,9.0,2.0
25160.0,9.0,2.0
25161.0,9.0,1.0
25162.0,9.0,0.0
25163.0,9.0,0.0
25164.0,9.0,1.0
25165.0,9.0,0.0
25166.0,9.0,1.0
25167.0,9.0,2.0
25168.0,9.0,2.0
25169.0,9.0,2.0
25170.0,9.0,2.0
25171.0,9.0,2.0
25172.0,9.0,1.0
25173.0,9.0,0.0
25174.0,9.0,2.0
25175.0,9.0,1.0
25176.0,9.0,1.0
25177.0,9.0,1.0
25178.0,9.0,0.0
25179.0,9.0,2.0
25180.0,9.0,2.0
25181.0,9.0,2.0
25182.0,9.0,1.0
25183.0,9.0,1.0
25184.0,9.0,2.0
25185.0,9.0,2.0
25186.0,9.0,2.0
25187.0,9.0,0.0
25188.0,9.0,1.0
25189.0,9.0,0.0
25190.0,9.0,0.0
25191.0,9.0,1.0
25192.0,9.0,1.0
25193.0,9.0,1.0
25194.0,9.0,2.0
25195.0,9.0,1.0
25196.0,9.0,1.0
25197.0,9.0,1.0
25198.0,9.0,1.0
25199.0,9.0,0.0
25200.0,9.0,1.0
25201.0,9.0,1.0
25202.0,9.0,2.0
25203.0,9.0,1.0
25204.0,9.0,2.0
25205.0,9.0,2.0
25206.0,9.0,1.0
25207.0,9.0,2.0
25208.0,9.0,1.0
25209.0,9.0,1.0
25210.0,9.0,0.0
25211.0,9.0,2.0
25212.0,9.0,2.0
25213.0,9.0,0.0
25214.0,9.0,2.0
25215.0,9.0,1.0
25216.0,9.0,1.0
25217.0,9.0,1.0
25218.0,9.0,0.0
25219.0,9.0,2.0
25220.0,9.0,0.0
25221.0,9.0,2.0
25222.0,9.0,1.0
25223.0,9.0,0.0
25224.0,9.0,1.0
25225.0,9.0,2.0
25226.0,9.0,0.0
25227.0,9.0,1.0
25228.0,9.0,1.0
25229.0,9.0,1.0
25230.0,9.0,1.0
25231.0,9.0,1.0
25232.0,9.0,2.0
25233.0,9.0,2.0
25234.0,9.0,1.0
25235.0,9.0,1.0
25236.0,9.0,1.0
25237.0,9.0,2.0
25238.0,9.0,1.0
25239.0,9.0,1.0
25240.0,9.0,0.0
25241.0,9.0,0.0
25242.0,9.0,2.0
25243.0,9.0,0.0
25244.0,9.0,0.0
25245.0,9.0,1.0
25246.0,9.0,1.0
25247.0,9.0,2.0
25248.0,9.0,2.0
25249.0,9.0,1.0
25250.0,9.0,1.0
25251.0,9.0,2.0
25252.0,9.0,2.0
25253.0,9.0,2.0
25254.0,9.0,1.0
25255.0,9.0,2.0
25256.0,9.0,1.0
25257.0,9.0,2.0
25258.0,9.0,2.0
25259.0,9.0,0.0
25260.0,9.0,0.0
25261.0,9.0,2.0
25262.0,9.0,2.0
25263.0,9.0,1.0
25264.0,9.0,0.0
25265.0,9.0,0.0
25266.0,9.0,2.0
25267.0,9.0,1.0
25268.0,9.0,0.0
25269.0,9.0,1.0
25270.0,9.0,2.0
25271.0,9.0,1.0
25272.0,9.0,1.0
25273.0,9.0,1.0
25274.0,9.0,2.0
25275.0,9.0,2.0
25276.0,9.0,2.0
25277.0,9.0,2.0
25278.0,9.0,1.0
25279.0,9.0,2.0
25280.0,9.0,1.0
25281.0,9.0,1.0
25282.0,9.0,2.0
25283.0,9.0,0.0
25284.0,9.0,0.0
25285.0,9.0,2.0
25286.0,9.0,0.0
25287.0,9.0,1.0
25288.0,9.0,2.0
25289.0,9.0,2.0
25290.0,9.0,1.0
25291.0,9.0,1.0
25292.0,9.0,2.0
25293.0,9.0,2.0
25294.0,9.0,1.0
25295.0,9.0,1.0
25296.0,9.0,1.0
25297.0,9.0,2.0
25298.0,9.0,2.0
25299.0,9.0,2.0
25300.0,9.0,2.0
25301.0,9.0,0.0
25302.0,9.0,0.0
25303.0,9.0,2.0
25304.0,9.0,0.0
25305.0,9.0,1.0
25306.0,9.0,1.0
25307.0,9.0,2.0
25308.0,9.0,1.0
25309.0,9.0,2.0
25310.0,9.0,1.0
25311.0,9.0,0.0
25312.0,9.0,2.0
25313.0,9.0,2.0
25314.0,9.0,2.0
25315.0,9.0,2.0
25316.0,9.0,0.0
25317.0,9.0,0.0
25318.0,9.0,2.0
25319.0,9.0,2.0
25320.0,9.0,1.0
25321.0,9.0,0.0
25322.0,9.0,1.0
25323.0,9.0,0.0
25324.0,9.0,2.0
25325.0,9.0,2.0
25326.0,9.0,2.0
25327.0,9.0,1.0
25328.0,9.0,1.0
25329.0,9.0,1.0
25330.0,9.0,0.0
25331.0,9.0,1.0
25332.0,9.0,0.0
25333.0,9.0,2.0
25334.0,9.0,2.0
25335.0,9.0,1.0
25336.0,9.0,1.0
25337.0,9.0,1.0
25338.0,9.0,2.0
25339.0,9.0,1.0
25340.0,9.0,1.0
25341.0,9.0,2.0
25342.0,9.0,1.0
25343.0,9.0,1.0
25344.0,9.0,1.0
25345.0,9.0,2.0
25346.0,9.0,2.0
25347.0,9.0,2.0
25348.0,9.0,2.0
27589.0,10.0,0.0
27590.0,10.0,1.0
27591.0,10.0,1.0
27592.0,10.0,2.0
27593.0,10.0,2.0
27594.0,10.0,1.0
27595.0,10.0,1.0
27596.0,10.0,2.0
27597.0,10.0,2.0
27598.0,10.0,1.0
27599.0,10.0,1.0
27600.0,10.0,2.0
27601.0,10.0,1.0
27602.0,10.0,2.0
27603.0,10.0,2.0
27604.0,10.0,1.0
27605.0,10.0,1.0
27606.0,10.0,2.0
27607.0,10.0,1.0
27608.0,10.0,2.0
27609.0,10.0,0.0
27610.0,10.0,1.0
27611.0,10.0,0.0
27612.0,10.0,1.0
27613.0,10.0,2.0
27614.0,10.0,1.0
27615.0,10.0,1.0
27616.0,10.0,1.0
27617.0,10.0,1.0
27618.0,10.0,1.0
27619.0,10.0,1.0
27620.0,10.0,1.0
27621.0,10.0,1.0
27622.0,10.0,2.0
27623.0,10.0,1.0
27624.0,10.0,2.0
27625.0,10.0,1.0
27626.0,10.0,1.0
27627.0,10.0,0.0
27628.0,10.0,2.0
27629.0,10.0,2.0
27630.0,10.0,1.0
27631.0,10.0,2.0
27632.0,10.0,1.0
27633.0,10.0,2.0
27634.0,10.0,2.0
27635.0,10.0,2.0
27636.0,10.0,1.0
27637.0,10.0,2.0
27638.0,10.0,1.0
27639.0,10.0,2.0
27640.0,10.0,1.0
27641.0,10.0,1.0
27642.0,10.0,2.0
27643.0,10.0,2.0
27644.0,10.0,2.0
27645.0,10.0,2.0
27646.0,10.0,1.0
27647.0,10.0,1.0
27648.0,10.0,0.0
27649.0,10.0,1.0
27650.0,10.0,1.0
27651.0,10.0,2.0
27652.0,10.0,2.0
27653.0,10.0,1.0
27654.0,10.0,1.0
27655.0,10.0,1.0
27656.0,10.0,2.0
27657.0,10.0,1.0
27658.0,10.0,1.0
27659.0,10.0,2.0
27660.0,10.0,1.0
27661.0,10.0,1.0
27662.0,10.0,2.0
27663.0,10.0,1.0
27664.0,10.0,2.0
27665.0,10.0,1.0
27666.0,10.0,0.0
27667.0,10.0,1.0
27668.0,10.0,1.0
27669.0,10.0,1.0
27670.0,10.0,2.0
27671.0,10.0,1.0
27672.0,10.0,1.0
27673.0,10.0,1.0
27674.0,10.0,2.0
27675.0,10.0,1.0
27676.0,10.0,1.0
27677.0,10.0,1.0
27678.0,10.0,1.0
27679.0,10.0,1.0
27680.0,10.0,2.0
27681.0,10.0,1.0
27682.0,10.0,1.0
27683.0,10.0,2.0
27684.0,10.0,2.0
27685.0,10.0,1.0
27686.0,10.0,2.0
27687.0,10.0,1.0
27688.0,10.0,2.0
27689.0,10.0,1.0
27690.0,10.0,1.0
27691.0,10.0,2.0
27692.0,10.0,0.0
27693.0,10.0,2.0
27694.0,10.0,1.0
27695.0,10.0,1.0
27696.0,10.0,1.0
27697.0,10.0,1.0
27698.0,10.0,1.0
27699.0,10.0,1.0
27700.0,10.0,1.0
27701.0,10.0,2.0
27702.0,10.0,1.0
27703.0,10.0,2.0
27704.0,10.0,1.0
27705.0,10.0,2.0
27706.0,10.0,1.0
27707.0,10.0,0.0
27708.0,10.0,1.0
27709.0,10.0,1.0
27710.0,10.0,2.0
27711.0,10.0,2.0
27712.0,10.0,0.0
27713.0,10.0,1.0
27714.0,10.0,1.0
27715.0,10.0,1.0
27716.0,10.0,0.0
27717.0,10.0,2.0
27718.0,10.0,2.0
27719.0,10.0,1.0
27720.0,10.0,2.0
27721.0,10.0,1.0
27722.0,10.0,1.0
27723.0,10.0,1.0
27724.0,10.0,1.0
27725.0,10.0,1.0
27726.0,10.0,1.0
27727.0,10.0,1.0
27728.0,10.0,1.0
27729.0,10.0,2.0
27730.0,10.0,2.0
27731.0,10.0,1.0
27732.0,10.0,0.0
27733.0,10.0,2.0
27734.0,10.0,2.0
27735.0,10.0,1.0
27736.0,10.0,0.0
27737.0,10.0,2.0
27738.0,10.0,1.0
27739.0,10.0,1.0
27740.0,10.0,1.0
27741.0,10.0,1.0
27742.0,10.0,2.0
27743.0,10.0,2.0
27744.0,10.0,1.0
27745.0,10.0,1.0
27746.0,10.0,2.0
27747.0,10.0,0.0
27748.0,10.0,0.0
27749.0,10.0,0.0
27750.0,10.0,0.0
27751.0,10.0,2.0
27752.0,10.0,1.0
27753.0,10.0,1.0
27754.0,10.0,1.0
27755.0,10.0,2.0
27756.0,10.0,1.0
27757.0,10.0,1.0
27758.0,10.0,1.0
27759.0,10.0,1.0
27760.0,10.0,1.0
27761.0,10.0,1.0
27762.0,10.0,0.0
27763.0,10.0,0.0
27764.0,10.0,2.0
27765.0,10.0,2.0
27766.0,10.0,1.0
27767.0,10.0,1.0
27768.0,10.0,1.0
27769.0,10.0,1.0
27770.0,10.0,1.0
27771.0,10.0,2.0
27772.0,10.0,1.0
27773.0,10.0,2.0
27774.0,10.0,0.0
27775.0,10.0,0.0
27776.0,10.0,2.0
27777.0,10.0,1.0
27778.0,10.0,2.0
27779.0,10.0,1.0
27780.0,10.0,1.0
27781.0,10.0,1.0
27782.0,10.0,1.0
27783.0,10.0,2.0
27784.0,10.0,1.0
27785.0,10.0,1.0
27786.0,10.0,2.0
27787.0,10.0,2.0
27788.0,10.0,2.0
27789.0,10.0,2.0
27790.0,10.0,2.0
27791.0,10.0,2.0
27792.0,10.0,0.0
27793.0,10.0,0.0
27794.0,10.0,0.0
27795.0,10.0,2.0
27796.0,10.0,2.0
27797.0,10.0,1.0
27798.0,10.0,1.0
27799.0,10.0,0.0
27800.0,10.0,2.0
27801.0,10.0,1.0
27802.0,10.0,1.0
27803.0,10.0,1.0
27804.0,10.0,2.0
27805.0,10.0,2.0
27806.0,10.0,1.0
27807.0,10.0,2.0
27808.0,10.0,1.0
27809.0,10.0,1.0
27810.0,10.0,2.0
27811.0,10.0,2.0
27812.0,10.0,1.0
27813.0,10.0,1.0
27814.0,10.0,1.0
27815.0,10.0,1.0
27816.0,10.0,1.0
27817.0,10.0,2.0
27818.0,10.0,1.0
27819.0,10.0,2.0
27820.0,10.0,2.0
27821.0,10.0,1.0
27822.0,10.0,2.0
27823.0,10.0,1.0
27824.0,10.0,1.0
27825.0,10.0,0.0
27826.0,10.0,2.0
27827.0,10.0,2.0
27828.0,10.0,2.0
27829.0,10.0,1.0
27830.0,10.0,1.0
27831.0,10.0,1.0
27832.0,10.0,1.0
27833.0,10.0,1.0
27834.0,10.0,1.0
27835.0,10.0,1.0
27836.0,10.0,2.0
27837.0,10.0,0.0
27838.0,10.0,2.0
27839.0,10.0,2.0
27840.0,10.0,2.0
27841.0,10.0,1.0
27842.0,10.0,2.0
27843.0,10.0,2.0
27844.0,10.0,0.0
27845.0,10.0,1.0
27846.0,10.0,1.0
27847.0,10.0,1.0
27848.0,10.0,2.0
27849.0,10.0,2.0
27850.0,10.0,2.0
27851.0,10.0,2.0
27852.0,10.0,2.0
27853.0,10.0,2.0
27854.0,10.0,1.0
27855.0,10.0,1.0
27856.0,10.0,2.0
27857.0,10.0,1.0
27858.0,10.0,2.0
27859.0,10.0,2.0
27860.0,10.0,1.0
27861.0,10.0,1.0
27862.0,10.0,1.0
27863.0,10.0,1.0
27864.0,10.0,1.0
27865.0,10.0,0.0
27866.0,10.0,1.0
27867.0,10.0,2.0
27868.0,10.0,1.0
27869.0,10.0,2.0
27870.0,10.0,1.0
27871.0,10.0,1.0
27872.0,10.0,1.0
27873.0,10.0,1.0
27874.0,10.0,2.0
27875.0,10.0,1.0
27876.0,10.0,2.0
27877.0,10.0,0.0
27878.0,10.0,0.0
27879.0,10.0,1.0
27880.0,10.0,2.0
27881.0,10.0,1.0
27882.0,10.0,1.0
27883.0,10.0,1.0
27884.0,10.0,0.0
27885.0,10.0,1.0
27886.0,10.0,1.0
27887.0,10.0,2.0
27888.0,10.0,2.0
27889.0,10.0,1.0
27890.0,10.0,2.0
27891.0,10.0,0.0
27892.0,10.0,1.0
27893.0,10.0,1.0
27894.0,10.0,2.0
27895.0,10.0,2.0
27896.0,10.0,2.0
27897.0,10.0,2.0
27898.0,10.0,2.0
27899.0,10.0,1.0
27900.0,10.0,1.0
27901.0,10.0,1.0
27902.0,10.0,2.0
27903.0,10.0,2.0
27904.0,10.0,1.0
27905.0,10.0,1.0
27906.0,10.0,1.0
27907.0,10.0,0.0
27908.0,10.0,1.0
27909.0,10.0,2.0
27910.0,10.0,2.0
27911.0,10.0,1.0
27912.0,10.0,2.0
27913.0,10.0,2.0
27914.0,10.0,1.0
27915.0,10.0,1.0
27916.0,10.0,0.0
27917.0,10.0,1.0
27918.0,10.0,2.0
27919.0,10.0,1.0
27920.0,10.0,1.0
27921.0,10.0,1.0
27922.0,10.0,1.0
27923.0,10.0,0.0
27924.0,10.0,1.0
27925.0,10.0,1.0
27926.0,10.0,0.0
27927.0,10.0,1.0
27928.0,10.0,1.0
27929.0,10.0,1.0
27930.0,10.0,2.0
27931.0,10.0,1.0
27932.0,10.0,1.0
27933.0,10.0,1.0
27934.0,10.0,1.0
27935.0,10.0,1.0
27936.0,10.0,2.0
27937.0,10.0,2.0
27938.0,10.0,2.0
27939.0,10.0,1.0
27940.0,10.0,1.0
27941.0,10.0,2.0
27942.0,10.0,1.0
27943.0,10.0,1.0
27944.0,10.0,1.0
27945.0,10.0,1.0
27946.0,10.0,2.0
27947.0,10.0,1.0
27948.0,10.0,2.0
27949.0,10.0,1.0
27950.0,10.0,2.0
27951.0,10.0,1.0
27952.0,10.0,2.0
27953.0,10.0,0.0
27954.0,10.0,1.0
27955.0,10.0,2.0
27956.0,10.0,1.0
27957.0,10.0,1.0
27958.0,10.0,1.0
27959.0,10.0,1.0
27960.0,10.0,2.0
27961.0,10.0,2.0
27962.0,10.0,2.0
27963.0,10.0,2.0
27964.0,10.0,1.0
27965.0,10.0,1.0
27966.0,10.0,1.0
27967.0,10.0,1.0
27968.0,10.0,2.0
27969.0,10.0,2.0
27970.0,10.0,1.0
27971.0,10.0,1.0
27972.0,10.0,1.0
27973.0,10.0,1.0
27974.0,10.0,2.0
27975.0,10.0,1.0
27976.0,10.0,2.0
27977.0,10.0,1.0
27978.0,10.0,2.0
27979.0,10.0,2.0
27980.0,10.0,2.0
27981.0,10.0,2.0
27982.0,10.0,2.0
27983.0,10.0,1.0
27984.0,10.0,2.0
27985.0,10.0,2.0
27986.0,10.0,1.0
27987.0,10.0,0.0
27988.0,10.0,2.0
27989.0,10.0,0.0
27990.0,10.0,1.0
27991.0,10.0,0.0
27992.0,10.0,1.0
27993.0,10.0,1.0
27994.0,10.0,2.0
27995.0,10.0,2.0
27996.0,10.0,1.0
27997.0,10.0,0.0
27998.0,10.0,2.0
27999.0,10.0,2.0
28000.0,10.0,1.0
28001.0,10.0,0.0
28002.0,10.0,1.0
28003.0,10.0,1.0
28004.0,10.0,1.0
28005.0,10.0,1.0
28006.0,10.0,1.0
28007.0,10.0,1.0
28008.0,10.0,1.0
28009.0,10.0,1.0
28010.0,10.0,1.0
28011.0,10.0,1.0
28012.0,10.0,1.0
28013.0,10.0,2.0
28014.0,10.0,2.0
28015.0,10.0,1.0
28016.0,10.0,1.0
28017.0,10.0,2.0
28018.0,10.0,2.0
28019.0,10.0,1.0
28020.0,10.0,1.0
28021.0,10.0,2.0
28022.0,10.0,2.0
28023.0,10.0,2.0
28024.0,10.0,1.0
28025.0,10.0,2.0
28026.0,10.0,1.0
28027.0,10.0,1.0
28028.0,10.0,2.0
28029.0,10.0,1.0
28030.0,10.0,2.0
28031.0,10.0,1.0
28032.0,10.0,2.0
28033.0,10.0,2.0
28034.0,10.0,1.0
28035.0,10.0,2.0
28036.0,10.0,1.0
28037.0,10.0,0.0
28038.0,10.0,1.0
28039.0,10.0,2.0
28040.0,10.0,2.0
28041.0,10.0,2.0
28042.0,10.0,2.0
28043.0,10.0,2.0
28044.0,10.0,1.0
28045.0,10.0,1.0
28046.0,10.0,2.0
28047.0,10.0,1.0
28048.0,10.0,1.0
28049.0,10.0,2.0
28050.0,10.0,1.0
28051.0,10.0,2.0
28052.0,10.0,1.0
28053.0,10.0,1.0
28054.0,10.0,1.0
28055.0,10.0,2.0
28056.0,10.0,1.0
28057.0,10.0,1.0
28058.0,10.0,1.0
28059.0,10.0,1.0
28060.0,10.0,1.0
28061.0,10.0,2.0
28062.0,10.0,2.0
28063.0,10.0,0.0
28064.0,10.0,1.0
28065.0,10.0,2.0
28066.0,10.0,0.0
28067.0,10.0,1.0
28068.0,10.0,2.0
28069.0,10.0,1.0
28070.0,10.0,2.0
28071.0,10.0,1.0
28072.0,10.0,1.0
28073.0,10.0,1.0
28074.0,10.0,1.0
28075.0,10.0,1.0
28076.0,10.0,0.0
28077.0,10.0,2.0
28078.0,10.0,2.0
28079.0,10.0,2.0
28080.0,10.0,2.0
28081.0,10.0,1.0
28082.0,10.0,2.0
28083.0,10.0,2.0
28084.0,10.0,0.0
28085.0,10.0,1.0
28086.0,10.0,1.0
28087.0,10.0,1.0
28088.0,10.0,1.0
28089.0,10.0,1.0
28090.0,10.0,2.0
28091.0,10.0,0.0
28092.0,10.0,1.0
28093.0,10.0,1.0
28094.0,10.0,1.0
28095.0,10.0,1.0
28096.0,10.0,2.0
28097.0,10.0,0.0
28098.0,10.0,2.0
28099.0,10.0,1.0
28100.0,10.0,1.0
28101.0,10.0,0.0
28102.0,10.0,1.0
28103.0,10.0,2.0
28104.0,10.0,1.0
28105.0,10.0,2.0
28106.0,10.0,2.0
28107.0,10.0,2.0
28108.0,10.0,2.0
28109.0,10.0,0.0
28110.0,10.0,2.0
28111.0,10.0,1.0
28112.0,10.0,1.0
28113.0,10.0,1.0
28114.0,10.0,2.0
28115.0,10.0,0.0
28116.0,10.0,2.0
28117.0,10.0,1.0
28118.0,10.0,2.0
28119.0,10.0,2.0
28120.0,10.0,2.0
28121.0,10.0,1.0
28122.0,10.0,1.0
28123.0,10.0,2.0
28124.0,10.0,1.0
28125.0,10.0,1.0
28126.0,10.0,1.0
28127.0,10.0,2.0
28128.0,10.0,2.0
28129.0,10.0,2.0
28130.0,10.0,1.0
28131.0,10.0,2.0
28132.0,10.0,1.0
28133.0,10.0,0.0
28134.0,10.0,1.0
